ID,Category,Name,Method,MethodArgument,RegistryPath,RegistryItem,ClassName,Namespace,Property,DefaultValue,RecommendedValue,Operator,Severity
1.1.1,"Account Policies","Length of password history maintained",accountpolicy,,,,,,,None,24,>=,Low
1.1.2,"Account Policies","Maximum password age",accountpolicy,,,,,,,42,60,<=!0,Low
1.1.3,"Account Policies","Minimum password age",accountpolicy,,,,,,,0,1,>=,Low
1.1.4,"Account Policies","Minimum password length",accountpolicy,,,,,,,0,14,>=,Medium
1.1.5,"Account Policies","Password must meet complexity requirements",secedit,"System Access\PasswordComplexity",,,,,,0,1,=,Medium
1.1.6,"Account Policies","Store passwords using reversible encryption",secedit,"System Access\ClearTextPassword",,,,,,0,0,=,High
1.2.1,"Account Policies","Account lockout duration",accountpolicy,,,,,,,30,15,>=,Low
1.2.2,"Account Policies","Account lockout threshold",accountpolicy,,,,,,,Never,10,<=!0,Low
1.2.3,"Account Policies","Reset account lockout counter",accountpolicy,,,,,,,30,15,>=,Low
2.2.1,"User Rights Assignment","Access Credential Manager as a trusted caller",accesschk,SeTrustedCredManAccessPrivilege,,,,,,,,=,Medium
2.2.2,"User Rights Assignment","Access this computer from the network (DC)",accesschk,SeNetworkLogonRight,,,,,,"NT AUTHORITY\ENTERPRISE DOMAIN CONTROLLERS;BUILTIN\Pre-Windows 2000 Compatible Access;BUILTIN\Administrators;NT AUTHORITY\Authenticated Users;Everyone","NT AUTHORITY\ENTERPRISE DOMAIN CONTROLLERS;BUILTIN\Administrators;NT AUTHORITY\Authenticated Users",=,Medium
2.2.3,"User Rights Assignment","Access this computer from the network (Member)",accesschk,SeNetworkLogonRight,,,,,,"BUILTIN\Pre-Windows 2000 Compatible Access;BUILTIN\Administrators;NT AUTHORITY\Authenticated Users;Everyone","BUILTIN\Administrators;NT AUTHORITY\Authenticated Users",=,Medium
2.2.4,"User Rights Assignment","Act as part of the operating system",accesschk,SeTcbPrivilege,,,,,,,,=,Medium
2.2.5,"User Rights Assignment","Add workstations to domain (DC)",accesschk,SeMachineAccountPrivilege,,,,,,"NT AUTHORITY\Authenticated Users",BUILTIN\Administrators,=,Medium
2.2.6,"User Rights Assignment","Adjust memory quotas for a process",accesschk,SeIncreaseQuotaPrivilege,,,,,,"BUILTIN\Administrators;NT AUTHORITY\NETWORK SERVICE;NT AUTHORITY\LOCAL SERVICE","BUILTIN\Administrators;NT AUTHORITY\NETWORK SERVICE;NT AUTHORITY\LOCAL SERVICE",=,Medium
2.2.7,"User Rights Assignment","Allow log on locally",accesschk,SeInteractiveLogonRight,,,,,,"BUILTIN\Backup Operators;BUILTIN\Users;BUILTIN\Administrators;COMPUTERNAME\Guest",BUILTIN\Administrators,=,Medium
2.2.8,"User Rights Assignment","Allow log on through Remote Desktop Services (DC)",accesschk,SeRemoteInteractiveLogonRight,,,,,,BUILTIN\Administrators,BUILTIN\Administrators,=,Medium
2.2.9,"User Rights Assignment","Allow log on through Remote Desktop Services (Member)",accesschk,SeRemoteInteractiveLogonRight,,,,,,"BUILTIN\Remote Desktop Users;BUILTIN\Administrators","BUILTIN\Remote Desktop Users;BUILTIN\Administrators",=,Medium
2.2.10,"User Rights Assignment","Back up files and directories",accesschk,SeBackupPrivilege,,,,,,"BUILTIN\Administrators;BUILTIN\Backup Operators",BUILTIN\Administrators,=,Medium
2.2.11,"User Rights Assignment","Change the system time",accesschk,SeSystemTimePrivilege,,,,,,"BUILTIN\Administrators;NT AUTHORITY\LOCAL SERVICE","BUILTIN\Administrators;NT AUTHORITY\LOCAL SERVICE",=,Medium
2.2.12,"User Rights Assignment","Change the time zone",accesschk,SeTimeZonePrivilege,,,,,,"BUILTIN\Device Owners;BUILTIN\Users;BUILTIN\Administrators;NT AUTHORITY\LOCAL SERVICE","BUILTIN\Administrators;NT AUTHORITY\LOCAL SERVICE",=,Medium
2.2.13,"User Rights Assignment","Create a pagefile",accesschk,SeCreatePagefilePrivilege,,,,,,BUILTIN\Administrators,BUILTIN\Administrators,=,Medium
2.2.14,"User Rights Assignment","Create a token object",accesschk,SeCreateTokenPrivilege,,,,,,,,=,Medium
2.2.15,"User Rights Assignment","Create global objects",accesschk,SeCreateGlobalPrivilege,,,,,,"NT AUTHORITY\SERVICE;BUILTIN\Administrators;NT AUTHORITY\NETWORK SERVICE;NT AUTHORITY\LOCAL SERVICE","NT AUTHORITY\SERVICE;BUILTIN\Administrators;NT AUTHORITY\NETWORK SERVICE;NT AUTHORITY\LOCAL SERVICE",=,Medium
2.2.16,"User Rights Assignment","Create permanent shared objects",accesschk,SeCreatePermanentPrivilege,,,,,,,,=,Medium
2.2.17,"User Rights Assignment","Create symbolic links (DC)",accesschk,SeCreateSymbolicLinkPrivilege,,,,,,BUILTIN\Administrators,BUILTIN\Administrators,=,Medium
2.2.18.1,"User Rights Assignment","Create symbolic links (Member)",accesschk,SeCreateSymbolicLinkPrivilege,,,,,,BUILTIN\Administrators,BUILTIN\Administrators,=,Medium
2.2.18.2,"User Rights Assignment","Create symbolic links (Member, Hyper-V)",accesschk,SeCreateSymbolicLinkPrivilege,,,,,,S-1-5-83-0;BUILTIN\Administrators,"NT VIRTUAL MACHINE\Virtual Machines;BUILTIN\Administrators",=,Medium
2.2.19,"User Rights Assignment","Debug programs",accesschk,SeDebugPrivilege,,,,,,BUILTIN\Administrators,BUILTIN\Administrators,=,Medium
2.2.20,"User Rights Assignment","Deny access to this computer from the network (DC)",accesschk,SeDenyNetworkLogonRight,,,,,,BUILTIN\Guests,BUILTIN\Guests,=,Medium
2.2.21,"User Rights Assignment","Deny access to this computer from the network (Member)",accesschk,SeDenyNetworkLogonRight,,,,,,BUILTIN\Guests,"BUILTIN\Guests;NT AUTHORITY\Local account and member of Administrators group",=,Medium
2.2.22,"User Rights Assignment","Deny log on as a batch job",accesschk,SeDenyBatchLogonRight,,,,,,,BUILTIN\Guests,=,Medium
2.2.23,"User Rights Assignment","Deny log on as a service",accesschk,SeDenyServiceLogonRight,,,,,,,BUILTIN\Guests,=,Medium
2.2.24,"User Rights Assignment","Deny log on locally",accesschk,SeDenyInteractiveLogonRight,,,,,,BUILTIN\Guests,BUILTIN\Guests,=,Medium
2.2.25,"User Rights Assignment","Deny log on through Remote Desktop Services (DC)",accesschk,SeDenyRemoteInteractiveLogonRight,,,,,,,BUILTIN\Guests,=,Medium
2.2.26,"User Rights Assignment","Deny log on through Remote Desktop Services (Member)",accesschk,SeDenyRemoteInteractiveLogonRight,,,,,,,"BUILTIN\Guests;NT AUTHORITY\Local account",=,Medium
2.2.27,"User Rights Assignment","Enable computer and user accounts to be trusted for delegation (DC)",accesschk,SeEnableDelegationPrivilege,,,,,,BUILTIN\Administrators,BUILTIN\Administrators,=,Medium
2.2.28,"User Rights Assignment","Enable computer and user accounts to be trusted for delegation (Member)",accesschk,SeEnableDelegationPrivilege,,,,,,,,=,Medium
2.2.29,"User Rights Assignment","Force shutdown from a remote system",accesschk,SeRemoteShutdownPrivilege,,,,,,BUILTIN\Administrators,BUILTIN\Administrators,=,Medium
2.2.30,"User Rights Assignment","Generate security audits",accesschk,SeAuditPrivilege,,,,,,"NT AUTHORITY\NETWORK SERVICE;NT AUTHORITY\LOCAL SERVICE","NT AUTHORITY\NETWORK SERVICE;NT AUTHORITY\LOCAL SERVICE",=,Medium
2.2.31,"User Rights Assignment","Impersonate a client after authentication (DC)",accesschk,SeImpersonatePrivilege,,,,,,"NT AUTHORITY\SERVICE;BUILTIN\Administrators;NT AUTHORITY\NETWORK SERVICE;NT AUTHORITY\LOCAL SERVICE","NT AUTHORITY\SERVICE;BUILTIN\Administrators;NT AUTHORITY\NETWORK SERVICE;NT AUTHORITY\LOCAL SERVICE",=,Medium
2.2.32,"User Rights Assignment","Impersonate a client after authentication (Member)",accesschk,SeImpersonatePrivilege,,,,,,"NT AUTHORITY\SERVICE;BUILTIN\Administrators;NT AUTHORITY\NETWORK SERVICE;NT AUTHORITY\LOCAL SERVICE","NT AUTHORITY\SERVICE;BUILTIN\Administrators;NT AUTHORITY\NETWORK SERVICE;NT AUTHORITY\LOCAL SERVICE",=,Medium
2.2.33,"User Rights Assignment","Increase scheduling priority",accesschk,SeIncreaseBasePriorityPrivilege,,,,,,"Window Manager\Window Manager Group;BUILTIN\Administrators","Window Manager\Window Manager Group;BUILTIN\Administrators",=,Medium
2.2.34,"User Rights Assignment","Load and unload device drivers",accesschk,SeLoadDriverPrivilege,,,,,,BUILTIN\Administrators,BUILTIN\Administrators,=,Medium
2.2.35,"User Rights Assignment","Lock pages in memory",accesschk,SeLockMemoryPrivilege,,,,,,,,=,Medium
2.2.36,"User Rights Assignment","Log on as a batch job (DC)",accesschk,SeBatchLogonRight,,,,,,"BUILTIN\Performance Log Users;BUILTIN\Backup Operators;BUILTIN\Administrators",BUILTIN\Administrators,=,Medium
2.2.37.1,"User Rights Assignment","Manage auditing and security log (DC)",accesschk,SeSecurityPrivilege,,,,,,BUILTIN\Administrators,BUILTIN\Administrators,=,Medium
2.2.37.2,"User Rights Assignment","Manage auditing and security log (DC and Exchange)",accesschk,SeSecurityPrivilege,,,,,,BUILTIN\Administrators,"NT AUTHORITY\EXCHANGE SERVERS;BUILTIN\Administrators",=,Medium
2.2.38,"User Rights Assignment","Manage auditing and security log (Member)",accesschk,SeSecurityPrivilege,,,,,,BUILTIN\Administrators,BUILTIN\Administrators,=,Medium
2.2.39,"User Rights Assignment","Modify an object label",accesschk,SeReLabelPrivilege,,,,,,,,=,Medium
2.2.40,"User Rights Assignment","Modify firmware environment values",accesschk,SeSystemEnvironmentPrivilege,,,,,,BUILTIN\Administrators,BUILTIN\Administrators,=,Medium
2.2.41,"User Rights Assignment","Perform volume maintenance tasks",accesschk,SeManageVolumePrivilege,,,,,,BUILTIN\Administrators,BUILTIN\Administrators,=,Medium
2.2.42,"User Rights Assignment","Profile single process",accesschk,SeProfileSingleProcessPrivilege,,,,,,BUILTIN\Administrators,BUILTIN\Administrators,=,Medium
2.2.43,"User Rights Assignment","Profile system performance",accesschk,SeSystemProfilePrivilege,,,,,,"NT SERVICE\WdiServiceHost;BUILTIN\Administrators","NT SERVICE\WdiServiceHost;BUILTIN\Administrators",=,Medium
2.2.44,"User Rights Assignment","Replace a process level token",accesschk,SeAssignPrimaryTokenPrivilege,,,,,,"NT AUTHORITY\NETWORK SERVICE;NT AUTHORITY\LOCAL SERVICE","NT AUTHORITY\NETWORK SERVICE;NT AUTHORITY\LOCAL SERVICE",=,Medium
2.2.45,"User Rights Assignment","Restore files and directories",accesschk,SeRestorePrivilege,,,,,,"BUILTIN\Backup Operators;BUILTIN\Administrators",BUILTIN\Administrators,=,Medium
2.2.46,"User Rights Assignment","Shut down the system",accesschk,SeShutdownPrivilege,,,,,,"BUILTIN\Backup Operators;BUILTIN\Users;BUILTIN\Administrators",BUILTIN\Administrators,=,Medium
2.2.47,"User Rights Assignment","Synchronize directory service data (DC)",accesschk,SeSyncAgentPrivilege,,,,,,,,=,Medium
2.2.48,"User Rights Assignment","Take ownership of files or other objects",accesschk,SeTakeOwnershipPrivilege,,,,,,BUILTIN\Administrators,BUILTIN\Administrators,=,Medium
2.3.1.1,"Security Options","Accounts: Administrator account status (Member)",localaccount,500,,,,,,True,False,=,Medium
2.3.1.2,"Security Options","Accounts: Block Microsoft accounts",Registry,,HKLM:\SOFTWARE\Microsoft\Windows\CurrentVersion\Policies\System,NoConnectedUser,,,,0,3,=,Low
2.3.1.3,"Security Options","Accounts: Guest account status (Member)",localaccount,501,,,,,,False,False,=,Medium
2.3.1.4,"Security Options","Accounts: Limit local account use of blank passwords to console logon only",Registry,,HKLM:\System\CurrentControlSet\Control\Lsa,LimitBlankPasswordUse,,,,1,1,=,Medium
2.3.1.5,"Security Options","Accounts: Rename administrator account",localaccount,500,,,,,,Administrator,Administrator,!=,Low
2.3.1.6,"Security Options","Accounts: Rename guest account",localaccount,501,,,,,,Guest,Guest,!=,Low
2.3.2.1,"Security Options","Audit: Force audit policy subcategory settings to override audit policy category settings",Registry,,HKLM:\System\CurrentControlSet\Control\Lsa,SCENoApplyLegacyAuditPolicy,,,,1,1,=,Low
2.3.2.2,"Security Options","Audit: Shut down system immediately if unable to log security audits",Registry,,HKLM:\SYSTEM\CurrentControlSet\Control\Lsa,CrashOnAuditFail,,,,0,0,=,Low
2.3.4.1,"Security Options","Devices: Allowed to format and eject removable media",Registry,,"HKLM:\SOFTWARE\Microsoft\Windows NT\CurrentVersion\Winlogon",AllocateDASD,,,,2,0,=,Medium
2.3.4.2,"Security Options","Devices: Prevent users from installing printer drivers",Registry,,"HKLM:\SYSTEM\CurrentControlSet\Control\Print\Providers\LanMan Print Services\Servers",AddPrinterDrivers,,,,0,1,=,Medium
2.3.5.1,"Security Options","Domain controller: Allow server operators to schedule tasks (DC)",Registry,,HKLM:\SYSTEM\CurrentControlSet\Control\Lsa,SubmitControl,,,,0,0,=,Medium
2.3.5.2,"Security Options","Domain controller: LDAP server signing requirements",Registry,,HKLM:\System\CurrentControlSet\Services\NTDS\Parameters,LDAPServerIntegrity,,,,1,2,=,Medium
2.3.5.3,"Security Options","Domain controller: Refuse machine account password changes (DC)",Registry,,HKLM:\SYSTEM\CurrentControlSet\Services\Netlogon\Parameters,RefusePasswordChange,,,,1,0,=,Medium
2.3.6.1,"Security Options","Domain member: Digitally encrypt or sign secure channel data (always)",Registry,,HKLM:\System\CurrentControlSet\Services\Netlogon\Parameters,RequireSignOrSeal,,,,1,1,=,Medium
2.3.6.2,"Security Options","Domain member: Digitally encrypt secure channel data (when possible)",Registry,,HKLM:\System\CurrentControlSet\Services\Netlogon\Parameters,SealSecureChannel,,,,1,1,=,Medium
2.3.6.3,"Security Options","Domain member: Digitally sign secure channel data (when possible)",Registry,,HKLM:\System\CurrentControlSet\Services\Netlogon\Parameters,SignSecureChannel,,,,1,1,=,Medium
2.3.6.4,"Security Options","Domain member: Disable machine account password changes",Registry,,HKLM:\System\CurrentControlSet\Services\Netlogon\Parameters,DisablePasswordChange,,,,0,0,=,Medium
2.3.6.5,"Security Options","Domain member: Maximum machine account password age",Registry,,HKLM:\System\CurrentControlSet\Services\Netlogon\Parameters,MaximumPasswordAge,,,,30,30,<=!0,Medium
2.3.6.6,"Security Options","Domain member: Require strong (Windows 2000 or later) session key",Registry,,HKLM:\System\CurrentControlSet\Services\Netlogon\Parameters,RequireStrongKey,,,,1,1,=,Medium
2.3.7.1,"Security Options","Interactive logon: Do not require CTRL+ALT+DEL",Registry,,HKLM:\Software\Microsoft\Windows\CurrentVersion\Policies\System,DisableCAD,,,,1,0,=,Low
2.3.7.2,"Security Options","Interactive logon: Don't display last signed-in",Registry,,HKLM:\Software\Microsoft\Windows\CurrentVersion\Policies\System,DontDisplayLastUserName,,,,0,1,=,Low
2.3.7.3,"Security Options","Interactive logon: Machine inactivity limit",Registry,,HKLM:\SOFTWARE\Microsoft\Windows\CurrentVersion\Policies\System,InactivityTimeoutSecs,,,,900,900,<=!0,Medium
2.3.7.4,"Security Options","Interactive logon: Message text for users attempting to log on",Registry,,HKLM:\SOFTWARE\Microsoft\Windows\CurrentVersion\Policies\System,LegalNoticeText,,,,,,!=,Low
2.3.7.5,"Security Options","Interactive logon: Message title for users attempting to log on",Registry,,HKLM:\SOFTWARE\Microsoft\Windows\CurrentVersion\Policies\System,LegalNoticeCaption,,,,,,!=,Low
2.3.7.6,"Security Options","Interactive logon: Number of previous logons to cache (in case domain controller is not available)",Registry,,"HKLM:\SOFTWARE\Microsoft\Windows NT\CurrentVersion\Winlogon",CachedLogonsCount,,,,10,4,<=,Medium
2.3.7.7.1,"Security Options","Interactive logon: Prompt user to change password before expiration (Max)",Registry,,HKLM:\SOFTWARE\Microsoft\Windows\CurrentVersion\Policies\System,PasswordExpiryWarning,,,,5,14,<=,Low
2.3.7.7.2,"Security Options","Interactive logon: Prompt user to change password before expiration (Min)",Registry,,HKLM:\SOFTWARE\Microsoft\Windows\CurrentVersion\Policies\System,PasswordExpiryWarning,,,,5,5,>=,Low
2.3.7.8,"Security Options","Interactive logon: Require Domain Controller Authentication to unlock workstation (Member)",Registry,,"HKLM:\Software\Microsoft\Windows NT\CurrentVersion\Winlogon",ForceUnlockLogon,,,,0,1,=,Medium
2.3.7.9,"Security Options","Interactive logon: Smart card removal behavior",Registry,,"HKLM:\Software\Microsoft\Windows NT\CurrentVersion\Winlogon",ScRemoveOption,,,,0,1,=,Medium
2.3.8.1,"Security Options","Microsoft network client: Digitally sign communications (always)",Registry,,HKLM:\System\CurrentControlSet\Services\LanmanWorkstation\Parameters,RequireSecuritySignature,,,,0,1,=,Medium
2.3.8.2,"Security Options","Microsoft network client: Digitally sign communications (if server agrees)",Registry,,HKLM:\System\CurrentControlSet\Services\LanmanWorkstation\Parameters,EnableSecuritySignature,,,,1,1,=,Medium
2.3.8.3,"Security Options","Microsoft network client: Send unencrypted password to third-party SMB servers",Registry,,HKLM:\System\CurrentControlSet\Services\LanmanWorkstation\Parameters,EnablePlainTextPassword,,,,0,0,=,Medium
2.3.9.1,"Security Options","Microsoft network server: Amount of idle time required before suspending session",Registry,,HKLM:\SYSTEM\CurrentControlSet\Services\LanManServer\Parameters,AutoDisconnect,,,,15,15,<=,Medium
2.3.9.2,"Security Options","Microsoft network server: Digitally sign communications (always)",Registry,,HKLM:\System\CurrentControlSet\Services\LanManServer\Parameters,RequireSecuritySignature,,,,0,1,=,Medium
2.3.9.3,"Security Options","Microsoft network server: Digitally sign communications (if client agrees)",Registry,,HKLM:\System\CurrentControlSet\Services\LanManServer\Parameters,EnableSecuritySignature,,,,0,1,=,Medium
2.3.9.4,"Security Options","Microsoft network server: Disconnect clients when logon hours expire",Registry,,HKLM:\System\CurrentControlSet\Services\LanManServer\Parameters,enableforcedlogoff,,,,1,1,=,Medium
2.3.9.5,"Security Options","Microsoft network server: Server SPN target name validation level (Member)",Registry,,HKLM:\System\CurrentControlSet\Services\LanManServer\Parameters,SMBServerNameHardeningLevel,,,,0,1,>=,Medium
2.3.10.1,"Security Options","Network access: Allow anonymous SID/Name translation",secedit,"System Access\LSAAnonymousNameLookup",,,,,,0,0,=,Medium
2.3.10.2,"Security Options","Network access: Do not allow anonymous enumeration of SAM accounts (Member)",Registry,,HKLM:\System\CurrentControlSet\Control\Lsa,RestrictAnonymousSAM,,,,1,1,=,Medium
2.3.10.3,"Security Options","Network access: Do not allow anonymous enumeration of SAM accounts and shares (Member)",Registry,,HKLM:\System\CurrentControlSet\Control\Lsa,RestrictAnonymous,,,,0,1,=,Medium
2.3.10.4,"Security Options","Network access: Do not allow storage of passwords and credentials for network authentication",Registry,,HKLM:\System\CurrentControlSet\Control\Lsa,DisableDomainCreds,,,,0,1,=,Medium
2.3.10.5,"Security Options","Network access: Let Everyone permissions apply to anonymous users",Registry,,HKLM:\System\CurrentControlSet\Control\Lsa,EveryoneIncludesAnonymous,,,,0,0,=,Medium
2.3.10.6,"Security Options","Network access: Named Pipes that can be accessed anonymously (DC)",Registry,,HKLM:\SYSTEM\CurrentControlSet\Services\LanmanServer\Parameters,NullSessionPipes,,,,,netlogon;samr;lsarpc,=,Medium
2.3.10.7,"Security Options","Network access: Named Pipes that can be accessed anonymously (Member)",Registry,,HKLM:\SYSTEM\CurrentControlSet\Services\LanmanServer\Parameters,NullSessionPipes,,,,,,=,Medium
2.3.10.8,"Security Options","Network access: Remotely accessible registry paths",Registry,,HKLM:\SYSTEM\CurrentControlSet\Control\SecurePipeServers\Winreg\AllowedExactPaths,Machine,,,,"System\CurrentControlSet\Control\ProductOptions System\CurrentControlSet\Control\Server Applications Software\Microsoft\Windows NT\CurrentVersion","System\CurrentControlSet\Control\ProductOptions;System\CurrentControlSet\Control\Server Applications;Software\Microsoft\Windows NT\CurrentVersion",=,Medium
2.3.10.9,"Security Options","Network access: Remotely accessible registry paths and sub-paths",Registry,,HKLM:\SYSTEM\CurrentControlSet\Control\SecurePipeServers\Winreg\AllowedPaths,Machine,,,,"System\CurrentControlSet\Control\Print\Printers System\CurrentControlSet\Services\Eventlog Software\Microsoft\OLAP Server Software\Microsoft\Windows NT\CurrentVersion\Print Software\Microsoft\Windows NT\CurrentVersion\Windows System\CurrentControlSet\Control\ContentIndex System\CurrentControlSet\Control\Terminal Server System\CurrentControlSet\Control\Terminal Server\UserConfig System\CurrentControlSet\Control\Terminal Server\DefaultUserConfiguration Software\Microsoft\Windows NT\CurrentVersion\Perflib System\CurrentControlSet\Services\SysmonLog","System\CurrentControlSet\Control\Print\Printers;System\CurrentControlSet\Services\Eventlog;Software\Microsoft\OLAP Server;Software\Microsoft\Windows NT\CurrentVersion\Print;Software\Microsoft\Windows NT\CurrentVersion\Windows;System\CurrentControlSet\Control\ContentIndex;System\CurrentControlSet\Control\Terminal Server;System\CurrentControlSet\Control\Terminal Server\UserConfig;System\CurrentControlSet\Control\Terminal Server\DefaultUserConfiguration;Software\Microsoft\Windows NT\CurrentVersion\Perflib;System\CurrentControlSet\Services\SysmonLog",=,Medium
2.3.10.10,"Security Options","Network access: Restrict anonymous access to Named Pipes and Shares",Registry,,HKLM:\System\CurrentControlSet\Services\LanManServer\Parameters,RestrictNullSessAccess,,,,1,1,=,Medium
2.3.10.11,"Security Options","Network access: Shares that can be accessed anonymously",Registry,,HKLM:\System\CurrentControlSet\Services\LanManServer\Parameters,NullSessionShares,,,,,,=,Medium
2.3.10.12,"Security Options","Network access: Sharing and security model for local accounts",Registry,,HKLM:\System\CurrentControlSet\Control\Lsa,ForceGuest,,,,0,0,=,Medium
2.3.11.1,"Security Options","Network security: Allow Local System to use computer identity for NTLM",Registry,,HKLM:\System\CurrentControlSet\Control\Lsa,UseMachineId,,,,0,1,=,Medium
2.3.11.2,"Security Options","Network security: Allow LocalSystem NULL session fallback",Registry,,HKLM:\System\CurrentControlSet\Control\Lsa\MSV1_0,allownullsessionfallback,,,,0,0,=,Medium
2.3.11.3,"Security Options","Network security: Allow PKU2U authentication requests to this computer to use online identities",Registry,,HKLM:\System\CurrentControlSet\Control\Lsa\pku2u,AllowOnlineID,,,,,0,=,Medium
2.3.11.4,"Security Options","Network security: Configure encryption types allowed for Kerberos",Registry,,HKLM:\SOFTWARE\Microsoft\Windows\CurrentVersion\Policies\System\Kerberos\Parameters,SupportedEncryptionTypes,,,,2147483644,2147483640,<=,Medium
2.3.11.5,"Security Options","Network security: Do not store LAN Manager hash value on next password change",Registry,,HKLM:\System\CurrentControlSet\Control\Lsa,NoLMHash,,,,1,1,=,High
2.3.11.6,"Security Options","Network security: Force logoff when logon hours expires",secedit,"System Access\ForceLogoffWhenHourExpire",,,,,,0,1,=,Low
2.3.11.7,"Security Options","Network security: LAN Manager authentication level",Registry,,HKLM:\System\CurrentControlSet\Control\Lsa,LmCompatibilityLevel,,,,3,5,=,Medium
2.3.11.8,"Security Options","Network security: LDAP client signing requirements",Registry,,HKLM:\System\CurrentControlSet\Services\LDAP,LDAPClientIntegrity,,,,1,1,>=,Medium
2.3.11.9,"Security Options","Network security: Minimum session security for NTLM SSP based (including secure RPC) clients",Registry,,HKLM:\System\CurrentControlSet\Control\Lsa\MSV1_0,NTLMMinClientSec,,,,536870912,537395200,=,Medium
2.3.11.10,"Security Options","Network security: Minimum session security for NTLM SSP based (including secure RPC) servers",Registry,,HKLM:\System\CurrentControlSet\Control\Lsa\MSV1_0,NTLMMinServerSec,,,,536870912,537395200,=,Medium
2.3.13.1,"Security Options","Shutdown: Allow system to be shut down without having to log on",Registry,,HKLM:\Software\Microsoft\Windows\CurrentVersion\Policies\System,ShutdownWithoutLogon,,,,1,0,=,Medium
2.3.15.1,"Security Options","System objects: Require case insensitivity for non-Windows subsystem",Registry,,"HKLM:\SYSTEM\CurrentControlSet\Control\Session Manager\Kernel",ObCaseInsensitive,,,,1,1,=,Medium
2.3.15.2,"Security Options","System objects: Strengthen default permissions of internal system objects (e.g. Symbolic Links)",Registry,,"HKLM:\System\CurrentControlSet\Control\Session Manager",ProtectionMode,,,,1,1,=,Medium
2.3.17.1,"Security Options","User Account Control: Admin Approval Mode for the Built-in Administrator account",Registry,,HKLM:\SOFTWARE\Microsoft\Windows\CurrentVersion\Policies\System,FilterAdministratorToken,,,,0,1,=,Medium
2.3.17.2,"Security Options","User Account Control: Behavior of the elevation prompt for administrators in Admin Approval Mode",Registry,,HKLM:\SOFTWARE\Microsoft\Windows\CurrentVersion\Policies\System,ConsentPromptBehaviorAdmin,,,,5,2,=,Medium
2.3.17.3,"Security Options","User Account Control: Behavior of the elevation prompt for standard users",Registry,,HKLM:\SOFTWARE\Microsoft\Windows\CurrentVersion\Policies\System,ConsentPromptBehaviorUser,,,,0,0,=,Medium
2.3.17.4,"Security Options","User Account Control: Detect application installations and prompt for elevation",Registry,,HKLM:\SOFTWARE\Microsoft\Windows\CurrentVersion\Policies\System,EnableInstallerDetection,,,,1,1,=,Medium
2.3.17.5,"Security Options","User Account Control: Only elevate UIAccess applications that are installed in secure locations",Registry,,HKLM:\SOFTWARE\Microsoft\Windows\CurrentVersion\Policies\System,EnableSecureUIAPaths,,,,1,1,=,Medium
2.3.17.6,"Security Options","User Account Control: Run all administrators in Admin Approval Mode",Registry,,HKLM:\SOFTWARE\Microsoft\Windows\CurrentVersion\Policies\System,EnableLUA,,,,1,1,=,Medium
2.3.17.7,"Security Options","User Account Control: Switch to the secure desktop when prompting for elevation",Registry,,HKLM:\SOFTWARE\Microsoft\Windows\CurrentVersion\Policies\System,PromptOnSecureDesktop,,,,1,1,=,Medium
2.3.17.8,"Security Options","User Account Control: Virtualize file and registry write failures to per-user locations",Registry,,HKLM:\SOFTWARE\Microsoft\Windows\CurrentVersion\Policies\System,EnableVirtualization,,,,1,1,=,Medium
9.1.1,"Windows Firewall","EnableFirewall (Domain Profile, Policy)",Registry,,HKLM:\SOFTWARE\Policies\Microsoft\WindowsFirewall\DomainProfile,EnableFirewall,,,,0,1,=,Medium
9.1.2,"Windows Firewall","Inbound Connections (Domain Profile, Policy)",Registry,,HKLM:\SOFTWARE\Policies\Microsoft\WindowsFirewall\DomainProfile,DefaultInboundAction,,,,1,1,=,Medium
9.1.3,"Windows Firewall","Outbound Connections (Domain Profile, Policy)",Registry,,HKLM:\SOFTWARE\Policies\Microsoft\WindowsFirewall\DomainProfile,DefaultOutboundAction,,,,0,0,=,Medium
9.1.4,"Windows Firewall","Display a notification (Domain Profile, Policy)",Registry,,HKLM:\SOFTWARE\Policies\Microsoft\WindowsFirewall\DomainProfile,DisableNotifications,,,,0,1,=,Low
9.1.5,"Windows Firewall","Name of log file (Domain Profile, Policy)",Registry,,HKLM:\SOFTWARE\Policies\Microsoft\WindowsFirewall\DomainProfile\Logging,LogFilePath,,,,%SystemRoot%\System32\logfiles\firewall\pfirewall.log,%SystemRoot%\System32\logfiles\firewall\domainfw.log,=,Low
9.1.6,"Windows Firewall","Log size limit (Domain Profile, Policy)",Registry,,HKLM:\SOFTWARE\Policies\Microsoft\WindowsFirewall\DomainProfile\Logging,LogFileSize,,,,4096,16384,>=,Medium
9.1.7,"Windows Firewall","Log dropped packets (Domain Profile, Policy)",Registry,,HKLM:\SOFTWARE\Policies\Microsoft\WindowsFirewall\DomainProfile\Logging,LogDroppedPackets,,,,0,1,=,Medium
9.1.8,"Windows Firewall","Log successful connections (Domain Profile, Policy)",Registry,,HKLM:\SOFTWARE\Policies\Microsoft\WindowsFirewall\DomainProfile\Logging,LogSuccessfulConnections,,,,0,1,=,Low
9.2.1,"Windows Firewall","EnableFirewall (Private Profile, Policy)",Registry,,HKLM:\SOFTWARE\Policies\Microsoft\WindowsFirewall\PrivateProfile,EnableFirewall,,,,0,1,=,Medium
9.2.2,"Windows Firewall","Inbound Connections (Private Profile, Policy)",Registry,,HKLM:\SOFTWARE\Policies\Microsoft\WindowsFirewall\PrivateProfile,DefaultInboundAction,,,,1,1,=,Medium
9.2.3,"Windows Firewall","Outbound Connections (Private Profile, Policy)",Registry,,HKLM:\SOFTWARE\Policies\Microsoft\WindowsFirewall\PrivateProfile,DefaultOutboundAction,,,,0,0,=,Medium
9.2.4,"Windows Firewall","Display a notification (Private Profile, Policy)",Registry,,HKLM:\SOFTWARE\Policies\Microsoft\WindowsFirewall\PrivateProfile,DisableNotifications,,,,0,1,=,Low
9.2.5,"Windows Firewall","Name of log file (Private Profile, Policy)",Registry,,HKLM:\SOFTWARE\Policies\Microsoft\WindowsFirewall\PrivateProfile\Logging,LogFilePath,,,,%SystemRoot%\System32\logfiles\firewall\pfirewall.log,%SystemRoot%\System32\logfiles\firewall\privatefw.log,=,Low
9.2.6,"Windows Firewall","Log size limit (Private Profile, Policy)",Registry,,HKLM:\SOFTWARE\Policies\Microsoft\WindowsFirewall\PrivateProfile\Logging,LogFileSize,,,,4096,16384,>=,Medium
9.2.7,"Windows Firewall","Log dropped packets (Private Profile, Policy)",Registry,,HKLM:\SOFTWARE\Policies\Microsoft\WindowsFirewall\PrivateProfile\Logging,LogDroppedPackets,,,,0,1,=,Medium
9.2.8,"Windows Firewall","Log successful connections (Private Profile, Policy)",Registry,,HKLM:\SOFTWARE\Policies\Microsoft\WindowsFirewall\PrivateProfile\Logging,LogSuccessfulConnections,,,,0,1,=,Low
9.3.1,"Windows Firewall","EnableFirewall (Public Profile, Policy)",Registry,,HKLM:\SOFTWARE\Policies\Microsoft\WindowsFirewall\PublicProfile,EnableFirewall,,,,0,1,=,Medium
9.3.2,"Windows Firewall","Inbound Connections (Public Profile, Policy)",Registry,,HKLM:\SOFTWARE\Policies\Microsoft\WindowsFirewall\PublicProfile,DefaultInboundAction,,,,1,1,=,Medium
9.3.3,"Windows Firewall","Outbound Connections (Public Profile, Policy)",Registry,,HKLM:\SOFTWARE\Policies\Microsoft\WindowsFirewall\PublicProfile,DefaultOutboundAction,,,,0,0,=,Medium
9.3.4,"Windows Firewall","Display a notification (Public Profile, Policy)",Registry,,HKLM:\SOFTWARE\Policies\Microsoft\WindowsFirewall\PublicProfile,DisableNotifications,,,,0,1,=,Low
9.3.5,"Windows Firewall","Apply local firewall rules (Public Profile, Policy)",Registry,,HKLM:\SOFTWARE\Policies\Microsoft\WindowsFirewall\PublicProfile,AllowLocalPolicyMerge,,,,0,0,=,Low
9.3.6,"Windows Firewall","Apply local connection security rules (Public Profile, Policy)",Registry,,HKLM:\SOFTWARE\Policies\Microsoft\WindowsFirewall\PublicProfile,AllowLocalIPsecPolicyMerge,,,,0,0,=,Low
9.3.7,"Windows Firewall","Name of log file (Public Profile, Policy)",Registry,,HKLM:\SOFTWARE\Policies\Microsoft\WindowsFirewall\PublicProfile\Logging,LogFilePath,,,,%SystemRoot%\System32\logfiles\firewall\pfirewall.log,%SystemRoot%\System32\logfiles\firewall\publicfw.log,=,Low
9.3.8,"Windows Firewall","Log size limit (Public Profile, Policy)",Registry,,HKLM:\SOFTWARE\Policies\Microsoft\WindowsFirewall\PublicProfile\Logging,LogFileSize,,,,4096,16384,>=,Medium
9.3.9,"Windows Firewall","Log dropped packets (Public Profile, Policy)",Registry,,HKLM:\SOFTWARE\Policies\Microsoft\WindowsFirewall\PublicProfile\Logging,LogDroppedPackets,,,,0,1,=,Medium
9.3.10,"Windows Firewall","Log successful connections (Public Profile, Policy)",Registry,,HKLM:\SOFTWARE\Policies\Microsoft\WindowsFirewall\PublicProfile\Logging,LogSuccessfulConnections,,,,0,1,=,Low
17.1.1,"Advanced Audit Policy Configuration","Credential Validation",auditpol,{0CCE923F-69AE-11D9-BED3-505054503030},,,,,,"No Auditing","Success and Failure",=,Low
17.1.2,"Advanced Audit Policy Configuration","Kerberos Authentication Service",auditpol,{0CCE9242-69AE-11D9-BED3-505054503030},,,,,,Success,"Success and Failure",=,Low
17.1.3,"Advanced Audit Policy Configuration","Kerberos Service Ticket Operations",auditpol,{0CCE9240-69AE-11D9-BED3-505054503030},,,,,,Success,"Success and Failure",=,Low
17.2.1,"Advanced Audit Policy Configuration","Application Group Management",auditpol,{0CCE9239-69AE-11D9-BED3-505054503030},,,,,,"No Auditing","Success and Failure",=,Low
17.2.2,"Advanced Audit Policy Configuration","Computer Account Management",auditpol,{0CCE9236-69AE-11D9-BED3-505054503030},,,,,,Success,Success,contains,Low
17.2.3,"Advanced Audit Policy Configuration","Distribution Group Management",auditpol,{0CCE9238-69AE-11D9-BED3-505054503030},,,,,,,Success,contains,Low
17.2.4,"Advanced Audit Policy Configuration","Other Account Management Events",auditpol,{0CCE923A-69AE-11D9-BED3-505054503030},,,,,,,Success,contains,Low
17.2.5,"Advanced Audit Policy Configuration","Security Group Management",auditpol,{0CCE9237-69AE-11D9-BED3-505054503030},,,,,,Success,Success,contains,Low
17.2.6,"Advanced Audit Policy Configuration","User Account Management",auditpol,{0CCE9235-69AE-11D9-BED3-505054503030},,,,,,Success,"Success and Failure",=,Low
17.3.1,"Advanced Audit Policy Configuration","Process Creation",auditpol,{0CCE922B-69AE-11D9-BED3-505054503030},,,,,,"No Auditing",Success,contains,Low
17.4.1,"Advanced Audit Policy Configuration","Directory Service Access",auditpol,{0CCE923B-69AE-11D9-BED3-505054503030},,,,,,Success,Failure,contains,Low
17.4.2,"Advanced Audit Policy Configuration","Directory Service Changes",auditpol,{0CCE923C-69AE-11D9-BED3-505054503030},,,,,,,Success,contains,Low
17.5.1,"Advanced Audit Policy Configuration","Account Lockout",auditpol,{0CCE9217-69AE-11D9-BED3-505054503030},,,,,,Success,Failure,contains,Low
17.5.2,"Advanced Audit Policy Configuration",Logoff,auditpol,{0CCE9216-69AE-11D9-BED3-505054503030},,,,,,Success,Success,contains,Low
17.5.3,"Advanced Audit Policy Configuration",Logon,auditpol,{0CCE9215-69AE-11D9-BED3-505054503030},,,,,,"Success and Failure","Success and Failure",=,Low
17.5.4,"Advanced Audit Policy Configuration","Other Logon/Logoff Events",auditpol,{0CCE921C-69AE-11D9-BED3-505054503030},,,,,,"No Auditing","Success and Failure",=,Low
17.5.5,"Advanced Audit Policy Configuration","Special Logon",auditpol,{0CCE921B-69AE-11D9-BED3-505054503030},,,,,,Success,Success,contains,Low
17.6.1,"Advanced Audit Policy Configuration","Detailed File Share",auditpol,{0CCE9244-69AE-11D9-BED3-505054503030},,,,,,"No Auditing",Failure,contains,Low
17.6.2,"Advanced Audit Policy Configuration","File Share",auditpol,{0CCE9224-69AE-11D9-BED3-505054503030},,,,,,"No Auditing","Success and Failure",=,Low
17.6.3,"Advanced Audit Policy Configuration","Other Object Access Events",auditpol,{0CCE9227-69AE-11D9-BED3-505054503030},,,,,,"No Auditing","Success and Failure",=,Low
17.6.4,"Advanced Audit Policy Configuration","Removable Storage",auditpol,{0CCE9245-69AE-11D9-BED3-505054503030},,,,,,"No Auditing","Success and Failure",=,Low
17.7.1,"Advanced Audit Policy Configuration","Audit Policy Change",auditpol,{0CCE922F-69AE-11D9-BED3-505054503030},,,,,,Success,Success,contains,Low
17.7.2,"Advanced Audit Policy Configuration","Authentication Policy Change",auditpol,{0CCE9230-69AE-11D9-BED3-505054503030},,,,,,Success,Success,contains,Low
17.7.3,"Advanced Audit Policy Configuration","Authorization Policy Change",auditpol,{0CCE9231-69AE-11D9-BED3-505054503030},,,,,,"No Auditing",Success,contains,Low
17.7.4,"Advanced Audit Policy Configuration","MPSSVC Rule-Level Policy Change",auditpol,{0CCE9232-69AE-11D9-BED3-505054503030},,,,,,"No Auditing","Success and Failure",=,Low
17.7.5,"Advanced Audit Policy Configuration","Other Policy Change Events",auditpol,{0CCE9234-69AE-11D9-BED3-505054503030},,,,,,"No Auditing",Failure,contains,Low
17.8.1,"Advanced Audit Policy Configuration","Sensitive Privilege Use",auditpol,{0CCE9228-69AE-11D9-BED3-505054503030},,,,,,"No Auditing","Success and Failure",=,Low
17.9.1,"Advanced Audit Policy Configuration","IPsec Driver",auditpol,{0CCE9213-69AE-11D9-BED3-505054503030},,,,,,"No Auditing","Success and Failure",=,Low
17.9.2,"Advanced Audit Policy Configuration","Other System Events",auditpol,{0CCE9214-69AE-11D9-BED3-505054503030},,,,,,"Success and Failure","Success and Failure",=,Low
17.9.3,"Advanced Audit Policy Configuration","Security State Change",auditpol,{0CCE9210-69AE-11D9-BED3-505054503030},,,,,,Success,Success,contains,Low
17.9.4,"Advanced Audit Policy Configuration","Security System Extension",auditpol,{0CCE9211-69AE-11D9-BED3-505054503030},,,,,,"No Auditing",Success,contains,Low
17.9.5,"Advanced Audit Policy Configuration","System Integrity",auditpol,{0CCE9212-69AE-11D9-BED3-505054503030},,,,,,"Success and Failure","Success and Failure",=,Low
18.1.1.1,"Administrative Templates: Control Panel","Personalization: Prevent enabling lock screen camera",Registry,,HKLM:\Software\Policies\Microsoft\Windows\Personalization,NoLockScreenCamera,,,,0,1,=,Low
18.1.1.2,"Administrative Templates: Control Panel","Personalization: Prevent enabling lock screen slide show",Registry,,HKLM:\Software\Policies\Microsoft\Windows\Personalization,NoLockScreenSlideshow,,,,0,1,=,Low
18.2.1,"Administrative Templates: LAPS","LAPS AdmPwd GPO Extension / CSE (Member)",Registry,,"HKLM:\SOFTWARE\Microsoft\Windows NT\CurrentVersion\Winlogon\GPExtensions\{D76B9641-3288-4f75-942D-087DE603E3EA}",DllName,,,,,"C:\Program Files\LAPS\CSE\AdmPwd.dll",=,Medium
18.2.2,"Administrative Templates: LAPS","Do not allow password expiration time longer than required by policy (Member)",Registry,,"HKLM:\SOFTWARE\Policies\Microsoft Services\AdmPwd",PwdExpirationProtectionEnabled,,,,0,1,=,Medium
18.2.3,"Administrative Templates: LAPS","Enable local admin password management (Member)",Registry,,"HKLM:\Software\Policies\Microsoft Services\AdmPwd",AdmPwdEnabled,,,,0,1,=,Medium
18.2.4,"Administrative Templates: LAPS","Password Settings: Password Complexity (Member)",Registry,,"HKLM:\SOFTWARE\Policies\Microsoft Services\AdmPwd",PasswordComplexity,,,,4,4,=,Medium
18.2.5,"Administrative Templates: LAPS","Password Settings: Password Length (Member)",Registry,,"HKLM:\SOFTWARE\Policies\Microsoft Services\AdmPwd",PasswordLength,,,,14,15,>=,Medium
18.2.6,"Administrative Templates: LAPS","Password Settings: Password Age (Days) (Member)",Registry,,"HKLM:\SOFTWARE\Policies\Microsoft Services\AdmPwd",PasswordAgeDays,,,,30,30,<=,Medium
18.3.1,"MS Security Guide","Apply UAC restrictions to local accounts on network logons (Member)",Registry,,HKLM:\SOFTWARE\Microsoft\Windows\CurrentVersion\Policies\System,LocalAccountTokenFilterPolicy,,,,0,0,=,Medium
18.3.2,"MS Security Guide","Configure SMB v1 client driver",Registry,,HKLM:\SYSTEM\CurrentControlSet\Services\MrxSmb10,Start,,,,1,4,=,Medium
18.3.3,"MS Security Guide","Configure SMB v1 server",Registry,,HKLM:\SYSTEM\CurrentControlSet\Services\LanmanServer\Parameters,SMB1,,,,1,0,=,Medium
18.3.4,"MS Security Guide","Enable Structured Exception Handling Overwrite Protection (SEHOP)",Registry,,"HKLM:\SYSTEM\CurrentControlSet\Control\Session Manager\kernel",DisableExceptionChainValidation,,,,0,0,=,Medium
18.3.5,"MS Security Guide","Extended Protection for LDAP Authentication (DC)",Registry,,HKLM:\SYSTEM\CurrentControlSet\Services\NTDS\Parameters,LdapEnforceChannelBinding,,,,1,2,=,Medium
18.3.6,"MS Security Guide","NetBT NodeType configuration",Registry,,HKLM:\SYSTEM\CurrentControlSet\Services\NetBT\Parameters,NodeType,,,,0,2,=,Medium
18.3.7,"MS Security Guide","WDigest Authentication",Registry,,HKLM:\SYSTEM\CurrentControlSet\Control\SecurityProviders\WDigest,UseLogonCredential,,,,0,0,=,High
18.4.1,"MSS (Legacy)","MSS: (AutoAdminLogon) Enable Automatic Logon (not recommended)",Registry,,"HKLM:\SOFTWARE\Microsoft\Windows NT\CurrentVersion\Winlogon",AutoAdminLogon,,,,0,0,=,Medium
18.4.2,"MSS (Legacy)","MSS: (DisableIPSourceRouting IPv6) IP source routing protection level (protects against packet spoofing)",Registry,,HKLM:\System\CurrentControlSet\Services\Tcpip6\Parameters,DisableIPSourceRouting,,,,0,2,=,Medium
18.4.3,"MSS (Legacy)","MSS: (DisableIPSourceRouting) IP source routing protection level (protects against packet spoofing)",Registry,,HKLM:\System\CurrentControlSet\Services\Tcpip\Parameters,DisableIPSourceRouting,,,,1,2,=,Medium
18.4.4,"MSS (Legacy)","MSS: (EnableICMPRedirect) Allow ICMP redirects to override OSPF generated routes",Registry,,HKLM:\System\CurrentControlSet\Services\Tcpip\Parameters,EnableICMPRedirect,,,,1,0,=,Medium
18.4.5,"MSS (Legacy)","MSS: (KeepAliveTime) How often keep-alive packets are sent in milliseconds",Registry,,HKLM:\SYSTEM\CurrentControlSet\Services\Tcpip\Parameters,KeepAliveTime,,,,7200000,300000,<=,Medium
18.4.6,"MSS (Legacy)","MSS: (NoNameReleaseOnDemand) Allow the computer to ignore NetBIOS name release requests except from WINS servers",Registry,,HKLM:\System\CurrentControlSet\Services\Netbt\Parameters,NoNameReleaseOnDemand,,,,0,1,=,Medium
18.4.7,"MSS (Legacy)","MSS: (PerformRouterDiscovery) Allow IRDP to detect and configure Default Gateway addresses (could lead to DoS)",Registry,,HKLM:\SYSTEM\CurrentControlSet\Services\Tcpip\Parameters,PerformRouterDiscovery,,,,0,0,=,Medium
18.4.8,"MSS (Legacy)","MSS: (SafeDllSearchMode) Enable Safe DLL search mode (recommended)",Registry,,"HKLM:\SYSTEM\CurrentControlSet\Control\Session Manager",SafeDLLSearchMode,,,,0,1,=,Medium
18.4.9,"MSS (Legacy)","MSS: (ScreenSaverGracePeriod) The time in seconds before the screen saver grace period expires (0 recommended)",Registry,,"HKLM:\SOFTWARE\Microsoft\Windows NT\CurrentVersion\Winlogon",ScreenSaverGracePeriod,,,,5,5,<=,Medium
18.4.10,"MSS (Legacy)","MSS: (TcpMaxDataRetransmissions IPv6) How many times unacknowledged data is retransmitted",Registry,,HKLM:\System\CurrentControlSet\Services\Tcpip6\Parameters,TcpMaxDataRetransmissions,,,,5,3,<=,Medium
18.4.11,"MSS (Legacy)","MSS: (TcpMaxDataRetransmissions) How many times unacknowledged data is retransmitted",Registry,,HKLM:\System\CurrentControlSet\Services\Tcpip\Parameters,TcpMaxDataRetransmissions,,,,5,3,<=,Medium
18.4.12,"MSS (Legacy)","MSS: (WarningLevel) Percentage threshold for the security event log at which the system will generate a warning",Registry,,HKLM:\SYSTEM\CurrentControlSet\Services\Eventlog\Security,WarningLevel,,,,0,90,<=,Medium
18.5.4.1,"Administrative Templates: Network","DNS Client: Turn off multicast name resolution (LLMNR)",Registry,,"HKLM:\Software\Policies\Microsoft\Windows NT\DNSClient",EnableMulticast,,,,1,0,=,Medium
18.5.9.1.1,"Administrative Templates: Network","Link-Layer Topology Discovery: Turn on Mapper I/O (LLTDIO) driver (AllowLLTDIOOndomain)",Registry,,HKLM:\Software\Policies\Microsoft\Windows\LLTD,AllowLLTDIOOndomain,,,,0,0,=,Medium
18.5.9.1.2,"Administrative Templates: Network","Link-Layer Topology Discovery: Turn on Mapper I/O (LLTDIO) driver (AllowLLTDIOOnPublicNet)",Registry,,HKLM:\Software\Policies\Microsoft\Windows\LLTD,AllowLLTDIOOnPublicNet,,,,0,0,=,Medium
18.5.9.1.3,"Administrative Templates: Network","Link-Layer Topology Discovery: Turn on Mapper I/O (LLTDIO) driver (EnableLLTDIO)",Registry,,HKLM:\Software\Policies\Microsoft\Windows\LLTD,EnableLLTDIO,,,,0,0,=,Medium
18.5.9.1.4,"Administrative Templates: Network","Link-Layer Topology Discovery: Turn on Mapper I/O (LLTDIO) driver (ProhibitLLTDIOOnPrivateNet)",Registry,,HKLM:\Software\Policies\Microsoft\Windows\LLTD,ProhibitLLTDIOOnPrivateNet,,,,0,0,=,Medium
18.5.9.2.1,"Administrative Templates: Network","Turn on Responder (RSPNDR) driver (AllowRspndrOnDomain)",Registry,,HKLM:\SOFTWARE\Policies\Microsoft\Windows\LLTD,AllowRspndrOnDomain,,,,0,0,=,Medium
18.5.9.2.2,"Administrative Templates: Network","Turn on Responder (RSPNDR) driver (AllowRspndrOnPublicNet)",Registry,,HKLM:\Software\Policies\Microsoft\Windows\LLTD,AllowRspndrOnPublicNet,,,,0,0,=,Medium
18.5.9.2.3,"Administrative Templates: Network","Turn on Responder (RSPNDR) driver (EnableRspndr)",Registry,,HKLM:\Software\Policies\Microsoft\Windows\LLTD,EnableRspndr,,,,0,0,=,Medium
18.5.9.2.4,"Administrative Templates: Network","Turn on Responder (RSPNDR) driver (ProhibitRspndrOnPrivateNet)",Registry,,HKLM:\Software\Policies\Microsoft\Windows\LLTD,ProhibitRspndrOnPrivateNet,,,,0,0,=,Medium
18.5.10.1,"Administrative Templates: Network","Turn off Microsoft Peer-to-Peer Networking Services",Registry,,HKLM:\Software\policies\Microsoft\Peernet,Disabled,,,,0,1,=,Medium
18.5.11.2,"Administrative Templates: Network","Network Connections: Prohibit installation and configuration of Network Bridge on your DNS domain network",Registry,,"HKLM:\Software\Policies\Microsoft\Windows\Network Connections",NC_AllowNetBridge_NLA,,,,0,0,=,Medium
18.5.11.3,"Administrative Templates: Network","Network Connections: Require domain users to elevate when setting a network's location",Registry,,"HKLM:\Software\Policies\Microsoft\Windows\Network Connections",NC_StdDomainUserSetLocation,,,,0,1,=,Medium
18.5.14.1.1,"Administrative Templates: Network","Network Provider: Hardened UNC Paths (NETLOGON)",Registry,,HKLM:\Software\Policies\Microsoft\Windows\NetworkProvider\HardenedPaths,\\*\NETLOGON,,,,,"RequireMutualAuthentication=1, RequireIntegrity=1",=,Medium
18.5.14.1.2,"Administrative Templates: Network","Network Provider: Hardened UNC Paths (SYSVOL)",Registry,,HKLM:\Software\Policies\Microsoft\Windows\NetworkProvider\HardenedPaths,\\*\SYSVOL,,,,,"RequireMutualAuthentication=1, RequireIntegrity=1",=,Medium
18.5.19.2.1,"Administrative Templates: Network","Disable IPv6",Registry,,HKLM:\SYSTEM\CurrentControlSet\Services\TCPIP6\Parameters,DisabledComponents,,,,0,255,=,Medium
18.5.20.1.1,"Administrative Templates: Network","Windows Connect Now: Configuration of wireless settings using Windows Connect Now (EnableRegistrars)",Registry,,HKLM:\SOFTWARE\Policies\Microsoft\Windows\WCN\Registrars,EnableRegistrars,,,,1,0,=,Medium
18.5.20.1.2,"Administrative Templates: Network","Windows Connect Now: Configuration of wireless settings using Windows Connect Now (DisableUPnPRegistrar)",Registry,,HKLM:\SOFTWARE\Policies\Microsoft\Windows\WCN\Registrars,DisableUPnPRegistrar,,,,1,0,=,Medium
18.5.20.1.3,"Administrative Templates: Network","Windows Connect Now: Configuration of wireless settings using Windows Connect Now (DisableInBand802DOT11Registrar)",Registry,,HKLM:\SOFTWARE\Policies\Microsoft\Windows\WCN\Registrars,DisableInBand802DOT11Registrar,,,,1,0,=,Medium
18.5.20.1.4,"Administrative Templates: Network","Windows Connect Now: Configuration of wireless settings using Windows Connect Now (DisableFlashConfigRegistrar)",Registry,,HKLM:\SOFTWARE\Policies\Microsoft\Windows\WCN\Registrars,DisableFlashConfigRegistrar,,,,1,0,=,Medium
18.5.20.1.5,"Administrative Templates: Network","Windows Connect Now: Configuration of wireless settings using Windows Connect Now (DisableWPDRegistrar)",Registry,,HKLM:\SOFTWARE\Policies\Microsoft\Windows\WCN\Registrars,DisableWPDRegistrar,,,,1,0,=,Medium
18.5.20.2,"Administrative Templates: Network","Windows Connect Now: Prohibit access of the Windows Connect Now wizards",Registry,,HKLM:\SOFTWARE\Policies\Microsoft\Windows\WCN\UI,DisableWcnUi,,,,0,1,=,Medium
18.5.21.1,"Administrative Templates: Network","Windows Connection Manager: Minimize the number of simultaneous connections to the Internet or a Windows Domain",Registry,,HKLM:\SOFTWARE\Policies\Microsoft\Windows\WcmSvc\GroupPolicy,fMinimizeConnections,,,,1,3,=,Medium
18.5.21.2,"Administrative Templates: Network","Windows Connection Manager: Prohibit connection to non-domain networks when connected to domain authenticated network",Registry,,HKLM:\Software\Policies\Microsoft\Windows\WcmSvc\GroupPolicy,fBlockNonDomain,,,,0,1,=,Medium
18.7.1.1,"Administrative Templates: Start Menu and Taskbar","Notifications: Turn off notifications network usage",Registry,,HKLM:\SOFTWARE\Policies\Microsoft\Windows\CurrentVersion\PushNotifications,NoCloudApplicationNotification,,,,0,1,=,Medium
18.8.3.1,"Administrative Templates: System","Audit Process Creation: Include command line in process creation events",Registry,,HKLM:\SOFTWARE\Microsoft\Windows\CurrentVersion\Policies\System\Audit,ProcessCreationIncludeCmdLine_Enabled,,,,0,0,=,Medium
18.8.4.1,"Administrative Templates: System","Credentials Delegation: Encryption Oracle Remediation",Registry,,HKLM:\SOFTWARE\Microsoft\Windows\CurrentVersion\Policies\System\CredSSP\Parameters,AllowEncryptionOracle,,,,0,0,=,Medium
18.8.4.2,"Administrative Templates: System","Credentials Delegation: Remote host allows delegation of non-exportable credentials",Registry,,HKLM:\Software\Policies\Microsoft\Windows\CredentialsDelegation,AllowProtectedCreds,,,,0,1,=,Medium
18.8.14.1,"Administrative Templates: System","Early Launch Antimalware: Boot-Start Driver Initialization Policy",Registry,,HKLM:\System\CurrentControlSet\Policies\EarlyLaunch,DriverLoadPolicy,,,,0,3,=,Medium
18.8.21.1,"Administrative Templates: System","Group Policy: Do not apply during periodic background processing",Registry,,"HKLM:\Software\Policies\Microsoft\Windows\Group Policy\{35378EAC-683F-11D2-A89A-00C04FBBCFA2}",NoGPOListChanges,,,,0,0,=,Medium
18.8.21.2,"Administrative Templates: System","Group Policy: Process even if the Group Policy objects have not changed",Registry,,"HKLM:\Software\Policies\Microsoft\Windows\Group Policy\{35378EAC-683F-11D2-A89A-00C04FBBCFA2}",NoBackgroundPolicy,,,,1,0,=,Medium
18.8.21.3,"Administrative Templates: System","Group Policy: Turn off background refresh of Group Policy",Registry,,HKLM:\SOFTWARE\Microsoft\Windows\CurrentVersion\Policies\System,DisableBkGndGroupPolicy,,,,0,0,=,Medium
18.8.22.1.1,"Administrative Templates: System","Internet Communication Management: Internet Communication settings: Turn off downloading of print drivers over HTTP",Registry,,"HKLM:\Software\Policies\Microsoft\Windows NT\Printers",DisableWebPnPDownload,,,,0,1,=,Medium
18.8.22.1.2,"Administrative Templates: System","Internet Communication Management: Internet Communication settings: Turn off handwriting personalization data sharing",Registry,,HKLM:\SOFTWARE\Policies\Microsoft\Windows\TabletPC,PreventHandwritingDataSharing,,,,0,1,=,Medium
18.8.22.1.3,"Administrative Templates: System","Internet Communication Management: Internet Communication settings: Turn off handwriting recognition error reporting",Registry,,HKLM:\SOFTWARE\Policies\Microsoft\Windows\HandwritingErrorReports,PreventHandwritingErrorReports,,,,0,1,=,Medium
18.8.22.1.4,"Administrative Templates: System","Internet Communication Management: Internet Communication settings: Turn off Internet Connection Wizard if URL connection is referring to Microsoft.com",Registry,,"HKLM:\SOFTWARE\Policies\Microsoft\Windows\Internet Connection Wizard",ExitOnMSICW,,,,0,1,=,Medium
18.8.22.1.5,"Administrative Templates: System","Internet Communication Management: Internet Communication settings: Turn off Internet download for Web publishing and online ordering wizards",Registry,,HKLM:\Software\Microsoft\Windows\CurrentVersion\Policies\Explorer,NoWebServices,,,,0,1,=,Medium
18.8.22.1.6,"Administrative Templates: System","Internet Communication Management: Internet Communication settings: Turn off printing over HTTP",Registry,,"HKLM:\SOFTWARE\Policies\Microsoft\Windows NT\Printers",DisableHTTPPrinting,,,,0,1,=,Medium
18.8.22.1.7,"Administrative Templates: System","Internet Communication Management: Internet Communication settings: Turn off Registration if URL connection is referring to Microsoft.com",Registry,,"HKLM:\SOFTWARE\Policies\Microsoft\Windows\Registration Wizard Control",NoRegistration,,,,0,1,=,Medium
18.8.22.1.8,"Administrative Templates: System","Internet Communication Management: Internet Communication settings: Turn off Search Companion content file updates",Registry,,HKLM:\SOFTWARE\Policies\Microsoft\SearchCompanion,DisableContentFileUpdates,,,,0,1,=,Medium
18.8.22.1.9,"Administrative Templates: System","Internet Communication Management: Internet Communication settings: Turn off the 'Order Prints' picture task",Registry,,HKLM:\SOFTWARE\Microsoft\Windows\CurrentVersion\Policies\Explorer,NoOnlinePrintsWizard,,,,0,1,=,Medium
18.8.22.1.10,"Administrative Templates: System","Internet Communication Management: Internet Communication settings: Turn off the 'Publish to Web' task for files and folders",Registry,,HKLM:\SOFTWARE\Microsoft\Windows\CurrentVersion\Policies\Explorer,NoPublishingWizard,,,,0,1,=,Medium
18.8.22.1.11,"Administrative Templates: System","Internet Communication Management: Internet Communication settings: Turn off the Windows Messenger Customer Experience Improvement Program",Registry,,HKLM:\Software\Policies\Microsoft\Messenger\Client,CEIP,,,,0,2,=,Medium
18.8.22.1.12,"Administrative Templates: System","Internet Communication Management: Internet Communication settings: Turn off Windows Customer Experience Improvement Program",Registry,,HKLM:\Software\Policies\Microsoft\SQMClient\Windows,CEIPEnable,,,,1,0,=,Medium
18.8.22.1.13.1,"Administrative Templates: System","Internet Communication Management: Internet Communication settings: Turn off Windows Error Reporting 1",Registry,,HKLM:\Software\Policies\Microsoft\PCHealth\ErrorReporting,DoReport,,,,1,0,=,Medium
18.8.22.1.13.2,"Administrative Templates: System","Internet Communication Management: Internet Communication settings: Turn off Windows Error Reporting 2",Registry,,"HKLM:\Software\Policies\Microsoft\Windows\Windows Error Reporting",Disabled,,,,0,1,=,Medium
18.8.27.1,"Administrative Templates: System","Locale Services: Disallow copying of user input methods to the system account for sign-in",Registry,,"HKLM:\SOFTWARE\Policies\Microsoft\Control Panel\International",BlockUserInputMethodsForSignIn,,,,0,1,=,Medium
18.8.28.1,"Administrative Templates: System","Logon: Do not display network selection UI",Registry,,HKLM:\Software\Policies\Microsoft\Windows\System,DontDisplayNetworkSelectionUI,,,,0,1,=,Medium
18.8.28.2,"Administrative Templates: System","Logon: Do not enumerate connected users on domain-joined computers",Registry,,HKLM:\SOFTWARE\Policies\Microsoft\Windows\System,DontEnumerateConnectedUsers,,,,0,1,=,Medium
18.8.28.3,"Administrative Templates: System","Logon: Enumerate local users on domain-joined computers (Member)",Registry,,HKLM:\Software\Policies\Microsoft\Windows\System,EnumerateLocalUsers,,,,0,0,=,Medium
18.8.28.4,"Administrative Templates: System","Logon: Turn off app notifications on the lock screen",Registry,,HKLM:\Software\Policies\Microsoft\Windows\System,DisableLockScreenAppNotifications,,,,0,1,=,Medium
18.8.28.5,"Administrative Templates: System","Logon: Turn off picture password sign-in",Registry,,HKLM:\SOFTWARE\Policies\Microsoft\Windows\System,BlockDomainPicturePassword,,,,0,1,=,Medium
18.8.28.6,"Administrative Templates: System","Logon: Turn on convenience PIN sign-in",Registry,,HKLM:\Software\Policies\Microsoft\Windows\System,AllowDomainPINLogon,,,,1,0,=,Medium
18.8.34.6.1,"Administrative Templates: System","Sleep Settings: Require a password when a computer wakes (on battery)",Registry,,HKLM:\Software\Policies\Microsoft\Power\PowerSettings\0e796bdb-100d-47d6-a2d5-f7d2daa51f51,DCSettingIndex,,,,0,1,=,Medium
18.8.34.6.2,"Administrative Templates: System","Sleep Settings: Require a password when a computer wakes (plugged in)",Registry,,HKLM:\Software\Policies\Microsoft\Power\PowerSettings\0e796bdb-100d-47d6-a2d5-f7d2daa51f51,ACSettingIndex,,,,0,1,=,Medium
18.8.36.1,"Administrative Templates: System","Remote Assistance: Configure Offer Remote Assistance",Registry,,"HKLM:\Software\policies\Microsoft\Windows NT\Terminal Services",fAllowUnsolicited,,,,1,0,=,Medium
18.8.36.2,"Administrative Templates: System","Remote Assistance: Configure Solicited Remote Assistance",Registry,,"HKLM:\Software\policies\Microsoft\Windows NT\Terminal Services",fAllowToGetHelp,,,,1,0,=,Medium
18.8.37.1,"Administrative Templates: System","Remote Procedure Call: Enable RPC Endpoint Mapper Client Authentication (Member)",Registry,,"HKLM:\Software\Policies\Microsoft\Windows NT\Rpc",EnableAuthEpResolution,,,,0,1,=,Medium
18.8.37.2,"Administrative Templates: System","Remote Procedure Call: Restrict Unauthenticated RPC clients (Member)",Registry,,"HKLM:\Software\Policies\Microsoft\Windows NT\Rpc",RestrictRemoteClients,,,,0,1,=,Medium
18.8.47.5.1,"Administrative Templates: System","Troubleshooting and Diagnostics: Microsoft Support Diagnostic Tool: Turn on MSDT interactive communication with support provider",Registry,,HKLM:\SOFTWARE\Policies\Microsoft\Windows\ScriptedDiagnosticsProvider\Policy,DisableQueryRemoteServer,,,,1,0,=,Medium
18.8.47.11.1,"Administrative Templates: System","Windows Performance PerfTrack: Enable/Disable PerfTrack",Registry,,HKLM:\SOFTWARE\Policies\Microsoft\Windows\WDI\{9c5a40da-b965-4fc3-8781-88dd50a6299d},ScenarioExecutionEnabled,,,,1,0,=,Medium
18.8.49.1,"Administrative Templates: System","User Profiles: Turn off the advertising ID",Registry,,HKLM:\SOFTWARE\Policies\Microsoft\Windows\AdvertisingInfo,DisabledByGroupPolicy,,,,0,1,=,Medium
18.8.52.1.1,"Administrative Templates: System","Time Providers: Enable Windows NTP Client",Registry,,HKLM:\Software\Policies\Microsoft\W32time\TimeProviders\NtpClient,Enabled,,,,0,1,=,Medium
18.8.52.1.2,"Administrative Templates: System","Time Providers: Enable Windows NTP Server (Member)",Registry,,HKLM:\Software\Policies\Microsoft\W32time\TimeProviders\NtpServer,Enabled,,,,0,0,=,Medium
18.9.4.1,"Administrative Templates: Windows Components","App Package Deployment: Allow a Windows app to share application data between users",Registry,,HKLM:\Software\Policies\Microsoft\Windows\CurrentVersion\AppModel\StateManager,AllowSharedLocalAppData,,,,1,0,=,Medium
18.9.6.1,"Administrative Templates: Windows Components","App runtime: Allow Microsoft accounts to be optional",Registry,,HKLM:\Software\Microsoft\Windows\CurrentVersion\Policies\System,MSAOptional,,,,0,1,=,Medium
18.9.8.1,"Administrative Templates: Windows Components","AutoPlay Policies: Disallow Autoplay for non-volume devices",Registry,,HKLM:\Software\Policies\Microsoft\Windows\Explorer,NoAutoplayfornonVolume,,,,0,1,=,Medium
18.9.8.2,"Administrative Templates: Windows Components","AutoPlay Policies: Set the default behavior for AutoRun",Registry,,HKLM:\Software\Microsoft\Windows\CurrentVersion\Policies\Explorer,NoAutorun,,,,0,1,=,Medium
18.9.8.3,"Administrative Templates: Windows Components","AutoPlay Policies: Turn off Autoplay",Registry,,HKLM:\Software\Microsoft\Windows\CurrentVersion\Policies\Explorer,NoDriveTypeAutoRun,,,,0,255,=,Medium
18.9.15.1,"Administrative Templates: Windows Components","Credential User Interface: Do not display the password reveal button",Registry,,HKLM:\Software\Policies\Microsoft\Windows\CredUI,DisablePasswordReveal,,,,0,1,=,Medium
18.9.15.2,"Administrative Templates: Windows Components","Credential User Interface: Enumerate administrator accounts on elevation",Registry,,HKLM:\SOFTWARE\Microsoft\Windows\CurrentVersion\Policies\CredUI,EnumerateAdministrators,,,,1,0,=,Medium
18.9.24.2.1,"Administrative Templates: Windows Components","EMET: Default Action and Mitigation Settings (AntiDetours)",Registry,,HKLM:\SOFTWARE\Policies\Microsoft\EMET\SysSettings,AntiDetours,,,,,1,=,Medium
18.9.24.2.2,"Administrative Templates: Windows Components","EMET: Default Action and Mitigation Settings (BannedFunctions)",Registry,,HKLM:\SOFTWARE\Policies\Microsoft\EMET\SysSettings,BannedFunctions,,,,,1,=,Medium
18.9.24.2.3,"Administrative Templates: Windows Components","EMET: Default Action and Mitigation Settings (DeepHooks)",Registry,,HKLM:\SOFTWARE\Policies\Microsoft\EMET\SysSettings,DeepHooks,,,,,1,=,Medium
18.9.24.2.4,"Administrative Templates: Windows Components","EMET: Default Action and Mitigation Settings (ExploitAction)",Registry,,HKLM:\SOFTWARE\Policies\Microsoft\EMET\SysSettings,ExploitAction,,,,,1,=,Medium
18.9.24.3,"Administrative Templates: Windows Components","EMET: Default Protections for Internet Explorer",Registry,,HKLM:\SOFTWARE\Policies\Microsoft\EMET\Defaults,IE,,,,,"*\Internet Explorer\iexplore.exe",=,Medium
18.9.24.4,"Administrative Templates: Windows Components","EMET: Default Protections for Popular Software (Popular Software)",Registry,,HKLM:\SOFTWARE\Policies\Microsoft\EMET\Defaults,*,,,,,"*Add entries for all installed and popular software*",=,Medium
18.9.24.5,"Administrative Templates: Windows Components","EMET: Default Protections for Popular Software (Recommended Software)",Registry,,HKLM:\SOFTWARE\Policies\Microsoft\EMET\Defaults,*,,,,,"*Add entries for installed software like Adobe Acrobat*",=,Medium
18.9.24.6,"Administrative Templates: Windows Components","EMET: System ASLR",Registry,,HKLM:\SOFTWARE\Policies\Microsoft\EMET\SysSettings,ASLR,,,,,3,=,Medium
18.9.24.7,"Administrative Templates: Windows Components","EMET: System DEP",Registry,,HKLM:\SOFTWARE\Policies\Microsoft\EMET\SysSettings,DEP,,,,,2,=,Medium
18.9.24.8,"Administrative Templates: Windows Components","EMET: System SEHOP",Registry,,HKLM:\SOFTWARE\Policies\Microsoft\EMET\SysSettings,SEHOP,,,,,2,=,Medium
18.9.26.1.1,"Administrative Templates: Windows Components","Event Log Service: Application: Control Event Log behavior when the log file reaches its maximum size",Registry,,HKLM:\Software\Policies\Microsoft\Windows\EventLog\Application,Retention,,,,0,0,=,Medium
18.9.26.1.2,"Administrative Templates: Windows Components","Event Log Service: Application: Specify the maximum log file size (KB)",Registry,,HKLM:\Software\Policies\Microsoft\Windows\EventLog\Application,MaxSize,,,,4096,32768,>=,Medium
18.9.26.2.1,"Administrative Templates: Windows Components","Event Log Service: Security: Control Event Log behavior when the log file reaches its maximum size",Registry,,HKLM:\Software\Policies\Microsoft\Windows\EventLog\Security,Retention,,,,0,0,=,Medium
18.9.26.2.2,"Administrative Templates: Windows Components","Event Log Service: Security: Specify the maximum log file size (KB)",Registry,,HKLM:\Software\Policies\Microsoft\Windows\EventLog\Security,MaxSize,,,,4096,196608,>=,Medium
18.9.26.3.1,"Administrative Templates: Windows Components","Event Log Service: Setup: Control Event Log behavior when the log file reaches its maximum size",Registry,,HKLM:\Software\Policies\Microsoft\Windows\EventLog\Setup,Retention,,,,0,0,=,Medium
18.9.26.3.2,"Administrative Templates: Windows Components","Event Log Service: Setup: Specify the maximum log file size (KB)",Registry,,HKLM:\Software\Policies\Microsoft\Windows\EventLog\Setup,MaxSize,,,,4096,32768,>=,Medium
18.9.26.4.1,"Administrative Templates: Windows Components","Event Log Service: System: Control Event Log behavior when the log file reaches its maximum size",Registry,,HKLM:\Software\Policies\Microsoft\Windows\EventLog\System,Retention,,,,0,0,=,Medium
18.9.26.4.2,"Administrative Templates: Windows Components","Event Log Service: System: Specify the maximum log file size (KB)",Registry,,HKLM:\Software\Policies\Microsoft\Windows\EventLog\System,MaxSize,,,,4096,32768,>=,Medium
18.9.30.2,"Administrative Templates: Windows Components","File Explorer: Turn off Data Execution Prevention for Explorer",Registry,,HKLM:\SOFTWARE\Policies\Microsoft\Windows\Explorer,NoDataExecutionPrevention,,,,0,0,=,Medium
18.9.30.3,"Administrative Templates: Windows Components","File Explorer: Turn off heap termination on corruption",Registry,,HKLM:\SOFTWARE\Policies\Microsoft\Windows\Explorer,NoHeapTerminationOnCorruption,,,,0,0,=,Medium
18.9.30.4,"Administrative Templates: Windows Components","File Explorer: Turn off shell protocol protected mode",Registry,,HKLM:\SOFTWARE\Microsoft\Windows\CurrentVersion\Policies\Explorer,PreXPSP2ShellProtocolBehavior,,,,0,0,=,Medium
18.9.39.1.1,"Administrative Templates: Windows Components","Location and Sensors: Turn off Windows Location Provider",Registry,,HKLM:\SOFTWARE\Policies\Microsoft\Windows\LocationAndSensors,DisableWindowsLocationProvider,,,,0,1,=,Medium
18.9.39.2,"Administrative Templates: Windows Components","Location and Sensors: Turn off location",Registry,,HKLM:\SOFTWARE\Policies\Microsoft\Windows\LocationAndSensors,DisableLocation,,,,0,1,=,Medium
18.9.52.1,"Administrative Templates: Windows Components","OneDrive: Prevent the usage of OneDrive for file storage",Registry,,HKLM:\Software\Policies\Microsoft\Windows\OneDrive,DisableFileSyncNGSC,,,,0,1,=,Medium
18.9.52.2,"Administrative Templates: Windows Components","OneDrive: Prevent the usage of OneDrive for file storage on Windows 8.1",Registry,,HKLM:\Software\Policies\Microsoft\Windows\OneDrive,DisableFileSync,,,,0,1,=,Medium
18.9.59.2.2,"Administrative Templates: Windows Components","Remote Desktop Connection Client: Do not allow passwords to be saved",Registry,,"HKLM:\SOFTWARE\Policies\Microsoft\Windows NT\Terminal Services",DisablePasswordSaving,,,,0,1,=,Medium
18.9.59.3.2.1,"Administrative Templates: Windows Components","Remote Desktop Session Host: Connections: Restrict Remote Desktop Services users to a single Remote Desktop Services session",Registry,,"HKLM:\SOFTWARE\Policies\Microsoft\Windows NT\Terminal Services",fSingleSessionPerUser,,,,1,1,=,Medium
18.9.59.3.3.1,"Administrative Templates: Windows Components","Remote Desktop Session Host: Device and Resource Redirection: Do not allow COM port redirection",Registry,,"HKLM:\SOFTWARE\Policies\Microsoft\Windows NT\Terminal Services",fDisableCcm,,,,0,1,=,Medium
18.9.59.3.3.2,"Administrative Templates: Windows Components","Remote Desktop Session Host: Device and Resource Redirection: Do not allow drive redirection",Registry,,"HKLM:\SOFTWARE\Policies\Microsoft\Windows NT\Terminal Services",fDisableCdm,,,,0,1,=,Medium
18.9.59.3.3.3,"Administrative Templates: Windows Components","Remote Desktop Session Host: Device and Resource Redirection: Do not allow LPT port redirection",Registry,,"HKLM:\SOFTWARE\Policies\Microsoft\Windows NT\Terminal Services",fDisableLPT,,,,0,1,=,Medium
18.9.59.3.3.4,"Administrative Templates: Windows Components","Remote Desktop Session Host: Device and Resource Redirection: Do not allow supported Plug and Play device redirection",Registry,,"HKLM:\SOFTWARE\Policies\Microsoft\Windows NT\Terminal Services",fDisablePNPRedir,,,,0,1,=,Medium
18.9.59.3.9.1,"Administrative Templates: Windows Components","Remote Desktop Session Host: Security: Always prompt for password upon connection",Registry,,"HKLM:\SOFTWARE\Policies\Microsoft\Windows NT\Terminal Services",fPromptForPassword,,,,0,1,=,Medium
18.9.59.3.9.2,"Administrative Templates: Windows Components","Remote Desktop Session Host: Security: Require secure RPC communication",Registry,,"HKLM:\SOFTWARE\Policies\Microsoft\Windows NT\Terminal Services",fEncryptRPCTraffic,,,,0,1,=,Medium
18.9.59.3.9.3,"Administrative Templates: Windows Components","Remote Desktop Session Host: Security: Require use of specific security layer for remote (RDP) connections",Registry,,"HKLM:\SOFTWARE\Policies\Microsoft\Windows NT\Terminal Services",SecurityLayer,,,,0,2,=,Medium
18.9.59.3.9.4,"Administrative Templates: Windows Components","Remote Desktop Session Host: Security: Require user authentication for remote connections by using Network Level Authentication",Registry,,"HKLM:\SOFTWARE\Policies\Microsoft\Windows NT\Terminal Services",UserAuthentication,,,,0,1,=,Medium
18.9.59.3.9.5,"Administrative Templates: Windows Components","Remote Desktop Session Host: Security: Set client connection encryption level",Registry,,"HKLM:\SOFTWARE\Policies\Microsoft\Windows NT\Terminal Services",MinEncryptionLevel,,,,0,3,=,Medium
18.9.59.3.10.1,"Administrative Templates: Windows Components","Remote Desktop Session Host: Session Time Limits: Set time limit for active but idle Remote Desktop Services sessions",Registry,,"HKLM:\SOFTWARE\Policies\Microsoft\Windows NT\Terminal Services",MaxIdleTime,,,,0,900000,<=,Medium
18.9.59.3.10.2,"Administrative Templates: Windows Components","Remote Desktop Session Host: Session Time Limits: Set time limit for disconnected sessions",Registry,,"HKLM:\SOFTWARE\Policies\Microsoft\Windows NT\Terminal Services",MaxDisconnectionTime,,,,0,60000,=,Medium
18.9.59.3.11.1,"Administrative Templates: Windows Components","Remote Desktop Session Host: Temporary folders: Do not delete temp folders upon exit",Registry,,"HKLM:\SOFTWARE\Policies\Microsoft\Windows NT\Terminal Services",DeleteTempDirsOnExit,,,,1,1,=,Medium
18.9.59.3.11.2,"Administrative Templates: Windows Components","Remote Desktop Session Host: Temporary folders: Do not use temporary folders per session",Registry,,"HKLM:\SOFTWARE\Policies\Microsoft\Windows NT\Terminal Services",PerSessionTempDir,,,,1,1,=,Medium
18.9.60.1,"Administrative Templates: Windows Components","RSS Feeds: Prevent downloading of enclosures",Registry,,"HKLM:\Software\Policies\Microsoft\Internet Explorer\Feeds",DisableEnclosureDownload,,,,0,1,=,Medium
18.9.61.2,"Administrative Templates: Windows Components","Search: Allow Cloud Search",Registry,,"HKLM:\SOFTWARE\Policies\Microsoft\Windows\Windows Search",AllowCloudSearch,,,,1,0,=,Medium
18.9.61.3,"Administrative Templates: Windows Components","Search: Allow indexing of encrypted files",Registry,,"HKLM:\SOFTWARE\Policies\Microsoft\Windows\Windows Search",AllowIndexingEncryptedStoresOrItems,,,,1,0,=,Medium
18.9.66.1,"Administrative Templates: Windows Components","Software Protection Platform: Turn off KMS Client Online AVS Validation",Registry,,"HKLM:\SOFTWARE\Policies\Microsoft\Windows NT\CurrentVersion\Software Protection Platform",NoGenTicket,,,,0,1,=,Medium
18.9.77.3.1,"Microsoft Defender Antivirus","MAPS: Configure local setting override for reporting to Microsoft MAPS",Registry,,"HKLM:\SOFTWARE\Policies\Microsoft\Windows Defender\Spynet",LocalSettingOverrideSpynetReporting,,,,,0,=,Medium
18.9.77.3.2,"Microsoft Defender Antivirus","MAPS: Join Microsoft MAPS",Registry,,"HKLM:\SOFTWARE\Policies\Microsoft\Windows Defender\Spynet",SpynetReporting,,,,0,0,=|0,Medium
18.9.77.7.1,"Microsoft Defender Antivirus","Real-time Protection: Turn on behavior monitoring (Policy)",Registry,,"HKLM:\SOFTWARE\Policies\Microsoft\Windows Defender\Real-Time Protection",DisableBehaviorMonitoring,,,,0,0,=,Medium
18.9.77.9.1,"Microsoft Defender Antivirus","Reporting: Configure Watson events",Registry,,"HKLM:\SOFTWARE\Policies\Microsoft\Windows Defender\Reporting",DisableGenericRePorts,,,,0,1,=,Medium
18.9.77.10.1,"Microsoft Defender Antivirus","Scan: Scan removable drives",Registry,,"HKLM:\Software\Policies\Microsoft\Windows Defender\Scan",DisableRemovableDriveScanning,,,,1,0,=,Medium
18.9.77.10.2,"Microsoft Defender Antivirus","Scan: Turn on e-mail scanning",Registry,,"HKLM:\Software\Policies\Microsoft\Windows Defender\Scan",DisableEmailScanning,,,,1,0,=,Medium
18.9.77.13.3.1,"Microsoft Defender Exploit Guard","Network Protection: Prevent users and apps from accessing dangerous websites",Registry,,"HKLM:\SOFTWARE\Policies\Microsoft\Windows Defender\Windows Defender Exploit Guard\Network Protection",EnableNetworkProtection,,,,,1,=,Medium
18.9.77.14,"Microsoft Defender Antivirus","Turn off Microsoft Defender Antivirus",Registry,,"HKLM:\Software\Policies\Microsoft\Windows Defender",DisableAntiSpyware,,,,0,0,=,Medium
18.9.80.1.1.1,"Administrative Templates: Windows Components","File Explorer: Configure Windows Defender SmartScreen",Registry,,HKLM:\SOFTWARE\Policies\Microsoft\Windows\System,EnableSmartScreen,,,,1,1,=,Medium
18.9.80.1.1.2,"Administrative Templates: Windows Components","File Explorer: Configure Windows Defender SmartScreen to warn and prevent bypass",Registry,,HKLM:\SOFTWARE\Policies\Microsoft\Windows\System,ShellSmartScreenLevel,,,,Warn,Block,=,Medium
18.9.81.2.1,"Administrative Templates: Windows Components","Windows Error Reporting: Consent: Configure Default consent",Registry,,"HKLM:\SOFTWARE\Policies\Microsoft\Windows\Windows Error Reporting\Consent",DefaultConsent,,,,0,3,=,Medium
18.9.81.3,"Administrative Templates: Windows Components","Windows Error Reporting: Automatically send memory dumps for OS-generated error reports",Registry,,"HKLM:\SOFTWARE\Policies\Microsoft\Windows\Windows Error Reporting",AutoApproveOSDumps,,,,1,0,=,Medium
18.9.85.1,"Administrative Templates: Windows Components","Windows Installer: Allow user control over installs",Registry,,HKLM:\Software\Policies\Microsoft\Windows\Installer,EnableUserControl,,,,1,0,=,Medium
18.9.85.2,"Administrative Templates: Windows Components","Windows Installer: Always install with elevated privileges",Registry,,HKLM:\Software\Policies\Microsoft\Windows\Installer,AlwaysInstallElevated,,,,0,0,=,Medium
18.9.85.3,"Administrative Templates: Windows Components","Windows Installer: Prevent Internet Explorer security prompt for Windows Installer scripts",Registry,,HKLM:\Software\Policies\Microsoft\Windows\Installer,SafeForScripting,,,,1,0,=,Medium
18.9.86.1,"Administrative Templates: Windows Components","Windows Logon Options: Sign-in and lock last interactive user automatically after a restart",Registry,,HKLM:\SOFTWARE\Microsoft\Windows\CurrentVersion\Policies\System,DisableAutomaticRestartSignOn,,,,0,1,=,Medium
18.9.95.1,PowerShell,"Turn on PowerShell Script Block Logging",Registry,,HKLM:\Software\Policies\Microsoft\Windows\PowerShell\ScriptBlockLogging,EnableScriptBlockLogging,,,,0,0,=,Medium
18.9.95.2,PowerShell,"Turn on PowerShell Transcription",Registry,,HKLM:\Software\Policies\Microsoft\Windows\PowerShell\Transcription,EnableTranscripting,,,,0,0,=,Medium
18.9.97.1.1,"Administrative Templates: Windows Components","WinRM Client: Allow Basic authentication",Registry,,HKLM:\Software\Policies\Microsoft\Windows\WinRM\Client,AllowBasic,,,,1,0,=,Medium
18.9.97.1.2,"Administrative Templates: Windows Components","WinRM Client: Allow unencrypted traffic",Registry,,HKLM:\Software\Policies\Microsoft\Windows\WinRM\Client,AllowUnencryptedTraffic,,,,1,0,=,Medium
18.9.97.1.3,"Administrative Templates: Windows Components","WinRM Client: Disallow Digest authentication",Registry,,HKLM:\Software\Policies\Microsoft\Windows\WinRM\Client,AllowDigest,,,,1,0,=,Medium
18.9.97.2.1,"Administrative Templates: Windows Components","WinRM Service: Allow Basic authentication",Registry,,HKLM:\Software\Policies\Microsoft\Windows\WinRM\Service,AllowBasic,,,,1,0,=,Medium
18.9.97.2.2,"Administrative Templates: Windows Components","WinRM Service: Allow remote server management through WinRM",Registry,,HKLM:\Software\Policies\Microsoft\Windows\WinRM\Service,AllowAutoConfig,,,,1,0,=,Medium
18.9.97.2.3,"Administrative Templates: Windows Components","WinRM Service: Allow unencrypted traffic",Registry,,HKLM:\Software\Policies\Microsoft\Windows\WinRM\Service,AllowUnencryptedTraffic,,,,1,0,=,Medium
18.9.97.2.4,"Administrative Templates: Windows Components","WinRM Service: Disallow WinRM from storing RunAs credentials",Registry,,HKLM:\Software\Policies\Microsoft\Windows\WinRM\Service,DisableRunAs,,,,0,1,=,Medium
18.9.98.1,"Administrative Templates: Windows Components","Windows Remote Shell: Allow Remote Shell Access",Registry,,HKLM:\Software\Policies\Microsoft\Windows\WinRM\Service\WinRS,AllowRemoteShellAccess,,,,1,0,=,Medium
18.9.102.1,"Administrative Templates: Windows Components","Windows Update: Manage end user experience: Configure Automatic Updates",Registry,,HKLM:\SOFTWARE\Policies\Microsoft\Windows\WindowsUpdate\Au,NoAutoUpdate,,,,0,0,>=,Medium
18.9.102.2,"Administrative Templates: Windows Components","Windows Update: Manage end user experience: Configure Automatic Updates: Scheduled install day",Registry,,HKLM:\SOFTWARE\Policies\Microsoft\Windows\WindowsUpdate\Au,ScheduledInstallDay,,,,,0,>=,Medium
18.9.102.3,"Administrative Templates: Windows Components","Windows Update: Legacy Policies: No auto-restart with logged on users for scheduled automatic updates installations",Registry,,HKLM:\SOFTWARE\Policies\Microsoft\Windows\WindowsUpdate\Au,NoAutoRebootWithLoggedOnUsers,,,,0,0,>=,Medium
