ID,Category,Name,Method,MethodArgument,RegistryPath,RegistryItem,ClassName,Namespace,Property,DefaultValue,RecommendedValue,Operator,Severity
1000,"Microsoft Edge","Allow users to proceed from the HTTPS warning page",Registry,,HKLM:\Software\Policies\Microsoft\Edge,SSLErrorOverrideAllowed,,,,1,0,=,Low
1001,"Microsoft Edge","Enable site isolation for every site",Registry,,HKLM:\Software\Policies\Microsoft\Edge,SitePerProcess,,,,0,1,=,Low
1002,"Microsoft Edge","Minimum TLS version enabled",Registry,,HKLM:\Software\Policies\Microsoft\Edge,SSLVersionMin,,,,0,tls1.2,=,Medium
1003,"Microsoft Edge","Default Adobe Flash setting (obsolete)",Registry,,HKLM:\Software\Policies\Microsoft\Edge,DefaultPluginsSetting,,,,0,2,=,Low
1004,"Microsoft Edge","Control which extensions cannot be installed",Registry,,HKLM:\Software\Policies\Microsoft\Edge\ExtensionInstallBlocklist,1,,,,0,*,=,Low
1005,"Microsoft Edge","Supported authentication schemes",Registry,,HKLM:\Software\Policies\Microsoft\Edge,AuthSchemes,,,,0,"ntlm,negotiate",=,Low
1006,"Microsoft Edge","Allow user-level native messaging hosts (installed without admin permissions)",Registry,,HKLM:\Software\Policies\Microsoft\Edge,NativeMessagingUserLevelHosts,,,,1,0,=,Low
1007,"Microsoft Edge","Enable saving passwords to the password manager",Registry,,HKLM:\Software\Policies\Microsoft\Edge,PasswordManagerEnabled,,,,1,0,=,Low
1008,"Microsoft Edge","Configure Microsoft Defender SmartScreen",Registry,,HKLM:\Software\Policies\Microsoft\Edge,SmartScreenEnabled,,,,0,1,=,Low
1009,"Microsoft Edge","Configure Microsoft Defender SmartScreen to block potentially unwanted apps",Registry,,HKLM:\Software\Policies\Microsoft\Edge,SmartScreenPuaEnabled,,,,0,1,=,Low
1010,"Microsoft Edge","Prevent bypassing Microsoft Defender SmartScreen prompts for sites",Registry,,HKLM:\Software\Policies\Microsoft\Edge,PreventSmartScreenPromptOverride,,,,,1,=,Low
1011,"Microsoft Edge","Prevent bypassing of Microsoft Defender SmartScreen warnings about downloads",Registry,,HKLM:\Software\Policies\Microsoft\Edge,PreventSmartScreenPromptOverrideForFiles,,,,0,1,=,Low
1012,"Microsoft Edge","Allow certificates signed using SHA-1 when issued by local trust anchors (deprecated)",Registry,,HKLM:\Software\Policies\Microsoft\Edge,EnableSha1ForLocalAnchors,,,,0,0,=,Low
