ID,Category,Name,Method,MethodArgument,RegistryPath,RegistryItem,ClassName,Namespace,Property,DefaultValue,RecommendedValue,Operator,Severity
1015,"Microsoft Edge","Allow unconfigured sites to be reloaded in Internet Explorer mode",Registry,,HKLM:\Software\Policies\Microsoft\Edge,InternetExplorerIntegrationReloadInIEModeAllowed,,,,,0,=,Low
1000,"Microsoft Edge","Allow users to proceed from the HTTPS warning page",Registry,,HKLM:\Software\Policies\Microsoft\Edge,SSLErrorOverrideAllowed,,,,1,0,=,Low
1024,"Microsoft Edge","Allow using the deprecated U2F Security Key API (deprecated)",Registry,,HKLM:\Software\Policies\Microsoft\Edge,U2fSecurityKeyApiEnabled,,,,,0,=,Low
1018,"Microsoft Edge","Enable 3DES cipher suites in TLS",Registry,,HKLM:\Software\Policies\Microsoft\Edge,TripleDESEnabled,,,,,0,=,Low
1019,"Microsoft Edge","Enable browser legacy extension point blocking",Registry,,HKLM:\Software\Policies\Microsoft\Edge,BrowserLegacyExtensionPointsBlockingEnabled,,,,,1,=,Low
1001,"Microsoft Edge","Enable site isolation for every site",Registry,,HKLM:\Software\Policies\Microsoft\Edge,SitePerProcess,,,,0,1,=,Low
1023,"Microsoft Edge","Enhance images enabled",Registry,,HKLM:\Software\Policies\Microsoft\Edge,EdgeEnhanceImagesEnabled,,,,,0,=,Low
1025,"Microsoft Edge","Force WebSQL to be enabled",Registry,,HKLM:\Software\Policies\Microsoft\Edge,WebSQLAccess,,,,,0,=,Low
1002,"Microsoft Edge","Minimum TLS version enabled",Registry,,HKLM:\Software\Policies\Microsoft\Edge,SSLVersionMin,,,,0,tls1.2,=,Medium
1021,"Microsoft Edge","Show the Reload in Internet Explorer mode button in the toolbar",Registry,,HKLM:\Software\Policies\Microsoft\Edge,InternetExplorerModeToolbarButtonEnabled,,,,,0,=,Low
1017,"Microsoft Edge","Specifies whether SharedArrayBuffers can be used in a non cross-origin-isolated context",Registry,,HKLM:\Software\Policies\Microsoft\Edge,SharedArrayBufferUnrestrictedAccessAllowed,,,,,0,=,Low
1020,"Microsoft Edge","Specifies whether the display-capture permissions-policy is checked or skipped",Registry,,HKLM:\Software\Policies\Microsoft\Edge,DisplayCapturePermissionsPolicyEnabled,,,,,1,=,Low
1004,"Microsoft Edge","Control which extensions cannot be installed",Registry,,HKLM:\Software\Policies\Microsoft\Edge\ExtensionInstallBlocklist,1,,,,0,*,=,Low
1012,"Microsoft Edge","Allow Basic authentication for HTTP",Registry,,HKLM:\Software\Policies\Microsoft\Edge,BasicAuthOverHttpEnabled,,,,,0,=,Low
1005,"Microsoft Edge","Supported authentication schemes",Registry,,HKLM:\Software\Policies\Microsoft\Edge,AuthSchemes,,,,0,"ntlm,negotiate",=,Low
1006,"Microsoft Edge","Allow user-level native messaging hosts (installed without admin permissions)",Registry,,HKLM:\Software\Policies\Microsoft\Edge,NativeMessagingUserLevelHosts,,,,1,0,=,Low
1007,"Microsoft Edge","Enable saving passwords to the password manager",Registry,,HKLM:\Software\Policies\Microsoft\Edge,PasswordManagerEnabled,,,,1,0,=,Low
1016,"Microsoft Edge","Specifies whether to allow insecure websites to make requests to more-private network endpoints",Registry,,HKLM:\Software\Policies\Microsoft\Edge,InsecurePrivateNetworkRequestsAllowed,,,,,0,=,Low
1008,"Microsoft Edge","Configure Microsoft Defender SmartScreen",Registry,,HKLM:\Software\Policies\Microsoft\Edge,SmartScreenEnabled,,,,0,1,=,Low
1009,"Microsoft Edge","Configure Microsoft Defender SmartScreen to block potentially unwanted apps",Registry,,HKLM:\Software\Policies\Microsoft\Edge,SmartScreenPuaEnabled,,,,0,1,=,Low
1010,"Microsoft Edge","Prevent bypassing Microsoft Defender SmartScreen prompts for sites",Registry,,HKLM:\Software\Policies\Microsoft\Edge,PreventSmartScreenPromptOverride,,,,,1,=,Low
1011,"Microsoft Edge","Prevent bypassing of Microsoft Defender SmartScreen warnings about downloads",Registry,,HKLM:\Software\Policies\Microsoft\Edge,PreventSmartScreenPromptOverrideForFiles,,,,0,1,=,Low
1022,"Microsoft Edge","Configure Edge TyposquattingChecker",Registry,,HKLM:\Software\Policies\Microsoft\Edge,TyposquattingCheckerEnabled,,,,,1,=,Low
