<BackupInst xmlns="http://www.microsoft.com/GroupPolicy/GPOOperations/Manifest"><GPOGuid><![CDATA[{46C96103-F068-4D07-9488-69ED489EFF20}]]></GPOGuid><GPODomain><![CDATA[security.local]]></GPODomain><GPODomainGuid><![CDATA[{6f0514af-6cc4-48d1-b2ef-2310ad5fc57b}]]></GPODomainGuid><GPODomainController><![CDATA[DC-SEC-01.security.local]]></GPODomainController><BackupTime><![CDATA[2022-10-17T15:19:53]]></BackupTime><ID><![CDATA[{522ED121-0E11-41F6-A205-CC736B4DEE1E}]]></ID><Comment><![CDATA[]]></Comment><GPODisplayName><![CDATA[MSFT Windows 10 22H2 - Defender Antivirus]]></GPODisplayName></BackupInst>
