{
  "af": "86%",
  "ar": "90%",
  "bg": "99%",
  "bn": "58%",
  "cs": "99%",
  "da": "81%",
  "de": "99%",
  "es": "99%",
  "es-MX": "0%",
  "et": "51%",
  "fa": "99%",
  "fil": "96%",
  "gl": "0%",
  "gu": "6%",
  "hi": "68%",
  "hu": "99%",
  "id": "99%",
  "ja": "99%",
  "ka": "99%",
  "kn": "9%",
  "lt": "92%",
  "mk": "40%",
  "mr": "0%",
  "nb": "69%",
  "nn": "64%",
  "pt_PT": "93%",
  "sa": "8%",
  "si": "10%",
  "sk": "8%",
  "sl": "86%",
  "sr": "73%",
  "ta": "4%",
  "tg": "12%",
  "th": "79%",
  "ur": "81%",
  "zh_TW": "99%"
}