{
    "Assets/Data/Contributors.list": "dcb03438c13f65faab14631793b86391",
    "Assets/Data/LanguagesReference.json": "702d013faa85390f90de3a9e173e5f0a",
    "Assets/Data/TranslatedPercentages.json": "5ce47d84fbb68ce00961ad824f607aa2",
    "Assets/Data/Translators.json": "d02ec3ac84c0cfe715e0c30c3dafc0d6",
    "Assets/Images/admin_color.png": "05f628bd366d291797ac0a00bbd7b6c0",
    "Assets/Images/agreement.png": "20ce4c9f54eb9640f3f0a47ac8208b46",
    "Assets/Images/alert_laptop.png": "c71920c5bf9947dc562d5be1aa04cb8b",
    "Assets/Images/cancel.png": "3425807563b21863141b8525bbfc78e5",
    "Assets/Images/cargo_color.png": "25f5281a65399014983aa76151276d06",
    "Assets/Images/checked_laptop.png": "69d140704ed83331e64fa89eaec3a2da",
    "Assets/Images/choco_color.png": "ffbb306209fb72102bc2105bc2a9046d",
    "Assets/Images/coffee.png": "a909ccb33c40b5dbed08ef9ba0e297fe",
    "Assets/Images/console_color.png": "1b901c9b0c5b2ea26af6c57354226f46",
    "Assets/Images/desktop_download.png": "cec369e017cafe4b0361761c4f4dd9d4",
    "Assets/Images/dotnet_color.png": "ec8757210d422ac0ddbf004046d8c0a0",
    "Assets/Images/finish.png": "c06efd6c72450b2d41c5347bc4f401e2",
    "Assets/Images/github.png": "72491890a25c7a5ef3a433298fbed0ba",
    "Assets/Images/hacker.png": "afebb3c294769b78d0c5feef3f9e4414",
    "Assets/Images/icon.ico": "e42c72ea3d06a124cb6dd1d6576d9c40",
    "Assets/Images/icon.png": "64aff69d9a4b4a7e168f7430bb0c7c58",
    "Assets/Images/icon_unsquare.png": "2fd3730d45ad80cd74963ce7e080722e",
    "Assets/Images/infocolor.png": "77d284780ea5a8debc57b3855f5ad2e4",
    "Assets/Images/kofi.png": "790a004a35132586117fd1a45a3dfa73",
    "Assets/Images/node_color.png": "a116ba9576a62146457fed1ae2c6b6e7",
    "Assets/Images/package_color.png": "49605cac6c0e019bd6085c16ddb4e816",
    "Assets/Images/pin_color.png": "c5a5121a7cdb6338ffe544755bdfacc2",
    "Assets/Images/pip_color.png": "207aea34a1a15655ced4d71408527cd9",
    "Assets/Images/powershell_color.png": "c8ed8a520a9b7bec57acebcc59466772",
    "Assets/Images/restart_color.png": "0dc665ae930c461d2b40b96cb173aafb",
    "Assets/Images/rocket.png": "7beeda3ee8b17ff547d75f7d0e7fefef",
    "Assets/Images/save.png": "c240897274e1a0154dd695c0e7057137",
    "Assets/Images/scoop_color.png": "c8f66febb700bee482071ed4e1dd378a",
    "Assets/Images/settings_gear.png": "b3b26db9d6e4b9e0532e3fcaa8e0c632",
    "Assets/Images/shield_green.png": "96d968908faa7a680d954457a6a322ca",
    "Assets/Images/shield_question.png": "656cac6714a9ea664a22b75ee63d42f2",
    "Assets/Images/shield_red.png": "15f108d807d6645326d7177417193ea7",
    "Assets/Images/shield_reload.png": "0921a47a096f1b88462c407ea6b16f2b",
    "Assets/Images/shield_yellow.png": "0128a04715461c4e72982d07d49e5328",
    "Assets/Images/simple_user.png": "3e27bc60461a2dee3c9fdc776407af18",
    "Assets/Images/tick.png": "596dba44ef84dbbb3b1d220fe9c6e6d5",
    "Assets/Images/tray_blue_black.ico": "f9f1d178487df4039bd92a301222e7e2",
    "Assets/Images/tray_blue_white.ico": "db5ee5151b44538c1e35260d9c26eaf1",
    "Assets/Images/tray_empty_black.ico": "87354104b03bd41a7c7faab0e25f4ed1",
    "Assets/Images/tray_empty_white.ico": "82c9988f6bcb96181ebeb3f3db6d2ec4",
    "Assets/Images/tray_green_black.ico": "dbcd9fd44d09ee3041d8e8f0f2ed0dc6",
    "Assets/Images/tray_green_white.ico": "d513ba427a904a19a5533f40d82f9ea8",
    "Assets/Images/tray_orange_black.ico": "9ab00b0bb8f1574ae68d0ecab9d653a8",
    "Assets/Images/tray_orange_white.ico": "4f773c6a284f8e73c618527f76e5ed68",
    "Assets/Images/tray_turquoise_black.ico": "91672178d8f822e439eb2d120818e236",
    "Assets/Images/tray_turquoise_white.ico": "63add3c67af244cd55edac852bc72a69",
    "Assets/Images/update_pc_color.png": "2c8d3aba0592551c6581f9b71be7012f",
    "Assets/Images/vcpkg_color.png": "50aac96e7b6d570b6ee72b691e4663a8",
    "Assets/Images/warn.png": "b4f715196f086a198846dd476882fc80",
    "Assets/Images/winget_color.png": "a62f4cdc86bb26b0c139fccdbcf67bfe",
    "Assets/Images/workstation.png": "bd17f5ea32116be79a30e286c3034345",
    "Assets/Images/youtube.png": "26598607887f6772bf64da6ce1a75ff6",
    "Assets/Languages/lang_af.json": "ce7622f9126f6f53a739a919fabbf09a",
    "Assets/Languages/lang_ar.json": "70487545d20fbb6ac7c014a7fdf7909d",
    "Assets/Languages/lang_be.json": "119356beeda4912d4b7eaa31306399ba",
    "Assets/Languages/lang_bg.json": "1bf862e2b123a310f28a221c6a079c85",
    "Assets/Languages/lang_bn.json": "3c87a2f9fe0ebf66c5b241aa53456c41",
    "Assets/Languages/lang_ca.json": "9ee9814db0504141d194bcd43e5b07cd",
    "Assets/Languages/lang_cs.json": "e5636007633797db63358f6b6990ddd1",
    "Assets/Languages/lang_da.json": "5a77c3326d4b080f7c7bb3304b250d6b",
    "Assets/Languages/lang_de.json": "af06d5213ae42a5852ed3e42f40c8203",
    "Assets/Languages/lang_el.json": "5f71695c82ade9983da7b4e6297ee415",
    "Assets/Languages/lang_en.json": "4b36021468918136770d56fccf148712",
    "Assets/Languages/lang_es-MX.json": "ff4a84649bf758934d916337769b013a",
    "Assets/Languages/lang_es.json": "5e2ce52c5622a11f33f9bfc23148a887",
    "Assets/Languages/lang_et.json": "040377718eac2f85c954839d25e1944a",
    "Assets/Languages/lang_fa.json": "13dde38b0f12509d1959761e82b2b152",
    "Assets/Languages/lang_fi.json": "eb1d5d9bb5bcc0fd42bdfc0a3a3d365f",
    "Assets/Languages/lang_fil.json": "df4d3f79575d7a525d8fac020e12c541",
    "Assets/Languages/lang_fr.json": "a2c1c8806aa83a27c0ed81f6e68fca8c",
    "Assets/Languages/lang_gl.json": "ff4a84649bf758934d916337769b013a",
    "Assets/Languages/lang_gu.json": "2ea53cd81f13038667f3c2d4087113b1",
    "Assets/Languages/lang_he.json": "88bc37a0b49329849404d2bb2436d120",
    "Assets/Languages/lang_hi.json": "560c00995768bd83ffc465db3199b3de",
    "Assets/Languages/lang_hr.json": "336303eebdaa6d33196ef487b113954c",
    "Assets/Languages/lang_hu.json": "689fed3069ac918a17abf947ed273dbe",
    "Assets/Languages/lang_id.json": "e1020d356d840df7822e85f3083daa47",
    "Assets/Languages/lang_it.json": "764d06b73ab205189c78bc0e6e75fb07",
    "Assets/Languages/lang_ja.json": "9c957b86d9974614a0675415adb03d9d",
    "Assets/Languages/lang_ka.json": "4b0b190d9c8b9f70d674a47255654b01",
    "Assets/Languages/lang_kn.json": "9a56c1a9fbd84c3679655c246a2be2cf",
    "Assets/Languages/lang_ko.json": "ba7e78263dbca9506f12d420168700d6",
    "Assets/Languages/lang_lt.json": "72c33b12626a4cbc2a4208da95439cad",
    "Assets/Languages/lang_mk.json": "73144c29146c741746f239dde2d1929a",
    "Assets/Languages/lang_mr.json": "ff4a84649bf758934d916337769b013a",
    "Assets/Languages/lang_nb.json": "8fcea00dca0b373fed9f94dc3c4cdaec",
    "Assets/Languages/lang_nl.json": "4f2aa93b78d849df323e6f84ed3e2be9",
    "Assets/Languages/lang_nn.json": "5d8474b64dc6cd4eff3bb6e2fee49f3a",
    "Assets/Languages/lang_pl.json": "659459b3c8b97becea1ae30109e6ade5",
    "Assets/Languages/lang_pt_BR.json": "ab38bcb94ac82a68bb1d4cd766a7be89",
    "Assets/Languages/lang_pt_PT.json": "fdcd58f1cf0a17bd711f7eec5688fa0b",
    "Assets/Languages/lang_ro.json": "bb86bc14eecdd41fefc28b13863f6696",
    "Assets/Languages/lang_ru.json": "366fc220e0a82c4b49fb34d25076e0d8",
    "Assets/Languages/lang_sa.json": "1e4446a7ded9a3b4459c3a5c49387840",
    "Assets/Languages/lang_si.json": "bae61f7aeeda956c64b14a90b80ce81a",
    "Assets/Languages/lang_sk.json": "8a1de565215f253bdee866aaf8222724",
    "Assets/Languages/lang_sl.json": "08cad8b54298878170a47602714d11ba",
    "Assets/Languages/lang_sq.json": "05a3097978a2f0f4d96e2b474f48feda",
    "Assets/Languages/lang_sr.json": "9fcd169be17a72524bce4e6df70a863a",
    "Assets/Languages/lang_sv.json": "69890f98342f73268a7625e51c513ec9",
    "Assets/Languages/lang_ta.json": "af53e4114ae08c19d1ef0a2fe0657956",
    "Assets/Languages/lang_tg.json": "687a16e70bfe7b670dad9c6f3fe02e92",
    "Assets/Languages/lang_th.json": "ca80206009eeca17e46be5dfae628a4f",
    "Assets/Languages/lang_tr.json": "f790977c67e122e6eb90184c5edec2ae",
    "Assets/Languages/lang_ua.json": "d45ec3b4037d096977dd41970048b17e",
    "Assets/Languages/lang_ur.json": "8535e0c19954f26b77e69ddf509abc96",
    "Assets/Languages/lang_vi.json": "6d66a462835c9985c57993ea8cdd523a",
    "Assets/Languages/lang_zh_CN.json": "b80259e6ca0367907acf98a7a007c52e",
    "Assets/Languages/lang_zh_TW.json": "fd955c1d598980dee18617da63da9a61",
    "Assets/Symbols/Font/fonts/UniGetUI-Symbols.ttf": "736678ba2649ce477f116ca5d2e0c7d0",
    "Assets/Utilities/UniGetUI Elevator (Legacy).exe": "623ffb2353fa75d8932ae6bba9579bf1",
    "Assets/Utilities/UniGetUI Elevator.exe": "fddf07fc7a43927732e9fd9c3ff5459d",
    "Assets/Utilities/getfilesiginforedist.dll": "db9418216829306b9e0fca01c691b98b",
    "Assets/Utilities/install_scoop.cmd": "420857095ccb43001d034b5cbc708d67",
    "Assets/Utilities/install_scoop.ps1": "7278e566c27707e48dd0a0813e260e4b",
    "Assets/Utilities/scoop_cleanup.cmd": "5d0f40f7be40c00019ec5cd15b942942",
    "Assets/Utilities/uninstall_scoop.cmd": "1ebc57dd6b3a36dece307d3eae51eb87",
    "CommunityToolkit.Common.dll": "7157cf18ab37cd153c1d22fc452f6e8d",
    "CommunityToolkit.WinUI.Animations.dll": "a2d8611bc91819c725255f8c50a956ad",
    "CommunityToolkit.WinUI.Controls.Primitives.dll": "500fc76e11698deee2618811a63b3740",
    "CommunityToolkit.WinUI.Controls.Segmented.dll": "4f2aa808b46457125da265d372c0f1b4",
    "CommunityToolkit.WinUI.Controls.SettingsControls.dll": "cf309bf41d542cc17f6a5486ba0e5818",
    "CommunityToolkit.WinUI.Controls.Sizers.dll": "3dd0ffb3bb2b8851afcb2c8f04aa7079",
    "CommunityToolkit.WinUI.Controls.TokenizingTextBox.dll": "60c21fb7e854d6c49e96acf37cdfde2d",
    "CommunityToolkit.WinUI.Converters.dll": "6614a780fc9b7ca57f60848862815434",
    "CommunityToolkit.WinUI.Extensions.dll": "e17b8a70afebd60fd65324ca1db34e59",
    "CommunityToolkit.WinUI.Helpers.dll": "4729c74891737cb1fd8813b2d9b576bc",
    "CommunityToolkit.WinUI.Media.dll": "011d2a0227a4dcb6677fd469f8fab7d5",
    "CommunityToolkit.WinUI.Triggers.dll": "85a90e1bb4e8609659a6340f539386a0",
    "CoreMessagingXP.dll": "bce81e68fab4ca961f22af875720c01c",
    "DWriteCore.dll": "fdb99e9c8441cfc439f83f6f3f5bb34c",
    "DwmSceneI.dll": "53f1f84071bdd90ba7008958098ab877",
    "ExternalLibraries.Clipboard.dll": "a59fbb0651d830ec433b473f237c20d9",
    "ExternalLibraries.Clipboard.pdb": "e4a04db38d36a9651180dd0cdc5e9eff",
    "ExternalLibraries.FilePickers.dll": "52a32f322f7b38202141a0a959e83237",
    "ExternalLibraries.FilePickers.pdb": "90e9e277ca007996add73492bdbda8e2",
    "ExternalLibraries.WindowsPackageManager.Interop.dll": "ad33392cfd00e998d75f4f03d836f85d",
    "ExternalLibraries.WindowsPackageManager.Interop.pdb": "de4ab6f41aff094c4e1ff57e5c836ec5",
    "H.NotifyIcon.WinUI.dll": "e3704037ad2937e0dd1135afbfe9b0a6",
    "H.NotifyIcon.dll": "045efa7ddf0bdf5766784d80668e0021",
    "Jeffijoe.MessageFormat.dll": "af25bed9a0df4e884ce6830400f2bb45",
    "MRM.dll": "d7d29010f9bbb0fbc09729536deb6107",
    "Microsoft.AspNetCore.Antiforgery.dll": "a7b60fddf97d263d1afab268db75ef6a",
    "Microsoft.AspNetCore.Authentication.Abstractions.dll": "2e0411751b6eeab0324861e0c2ce379e",
    "Microsoft.AspNetCore.Authentication.Core.dll": "21a1d88c2d3d22012446e91dc7922b6c",
    "Microsoft.AspNetCore.Authorization.Policy.dll": "98b2ba857422067a76d6d39a7d0d95f9",
    "Microsoft.AspNetCore.Authorization.dll": "90574a199024aaabcbb790b4c45cefa3",
    "Microsoft.AspNetCore.Components.Authorization.dll": "4de250cdf6d6acdd90e4471726801a52",
    "Microsoft.AspNetCore.Components.Endpoints.dll": "d915061ec0d5366ddf9f549cfd6b1da4",
    "Microsoft.AspNetCore.Components.Server.dll": "97de6ee030c2354ac33404bb3f43321f",
    "Microsoft.AspNetCore.Components.Web.dll": "c2f26ed85bd7b2da113ddd19f2bacf25",
    "Microsoft.AspNetCore.Components.dll": "12f297ce56b93f105d3286244e56e394",
    "Microsoft.AspNetCore.Connections.Abstractions.dll": "28a24d63e6c82115b514c1197108026e",
    "Microsoft.AspNetCore.Cors.dll": "36cbf2e28dfb942a21bbd2d06cc36429",
    "Microsoft.AspNetCore.Cryptography.Internal.dll": "be017bde3bdde64c4cbf5af6f84bccdb",
    "Microsoft.AspNetCore.DataProtection.Abstractions.dll": "d568f7a92b2eb18a0e992f2ad5bc2ffd",
    "Microsoft.AspNetCore.DataProtection.Extensions.dll": "d5d194f5c0c6496f4214de70e827f3e7",
    "Microsoft.AspNetCore.DataProtection.dll": "95677fe102ef7f0437970206f199baa2",
    "Microsoft.AspNetCore.Diagnostics.Abstractions.dll": "96b60653b1ebce68dda61d4ca0effc39",
    "Microsoft.AspNetCore.HostFiltering.dll": "d6c0f717b58a162daeace29e375055fa",
    "Microsoft.AspNetCore.Hosting.Abstractions.dll": "71dbf8f8da5c13b15872a2c199aa7109",
    "Microsoft.AspNetCore.Hosting.Server.Abstractions.dll": "cae5854b335d3336a3f90a30dbcefb1d",
    "Microsoft.AspNetCore.Hosting.dll": "08897c7bc14af15e0db62d4ddcda3ba8",
    "Microsoft.AspNetCore.Html.Abstractions.dll": "a12ebf3f6340552487a0bf68d6e39488",
    "Microsoft.AspNetCore.Http.Abstractions.dll": "73adfa74749f2ceded916d8ed493ff83",
    "Microsoft.AspNetCore.Http.Connections.Common.dll": "7c1ee288952a01a7c2ffe3f8af386028",
    "Microsoft.AspNetCore.Http.Connections.dll": "482f873af2c874e52b2e648178aa2e4a",
    "Microsoft.AspNetCore.Http.Extensions.dll": "1f0e1bb8c316904c4362931b4aaa5496",
    "Microsoft.AspNetCore.Http.Features.dll": "bcfcc9b419f15a4b886ebd6a57527946",
    "Microsoft.AspNetCore.Http.dll": "0391870cea333100aae339c4b09f98dc",
    "Microsoft.AspNetCore.HttpOverrides.dll": "a84a085856b00fb8362de0209093c9e3",
    "Microsoft.AspNetCore.Metadata.dll": "7efe74fb32dd0d109e0b55b060abcec4",
    "Microsoft.AspNetCore.Mvc.Abstractions.dll": "8ba111f7e17be7c49a51c45faaae3145",
    "Microsoft.AspNetCore.Mvc.ApiExplorer.dll": "ded5e29481eef54a1e4aef53e6a4cc36",
    "Microsoft.AspNetCore.Mvc.Core.dll": "cfcefffe8ac5c0ad2f6f6b30d98f234c",
    "Microsoft.AspNetCore.Mvc.Cors.dll": "577e70e7e0f3ab2226f0f9d618439c74",
    "Microsoft.AspNetCore.Mvc.DataAnnotations.dll": "32336fce83f4dd3441795a3aa7fc12d2",
    "Microsoft.AspNetCore.Mvc.Formatters.Json.dll": "927b9224840ddc610e164c2b12245e3e",
    "Microsoft.AspNetCore.Mvc.Formatters.Xml.dll": "197302ff0d52d136854264505ec2129d",
    "Microsoft.AspNetCore.Mvc.Localization.dll": "e5b73820cc5def3cf3a45acb9b42b799",
    "Microsoft.AspNetCore.Mvc.Razor.dll": "2afacc321fe01e28e4fa0c3ec67c38de",
    "Microsoft.AspNetCore.Mvc.RazorPages.dll": "5bf7e916155b0086fd7741c1f2eb4609",
    "Microsoft.AspNetCore.Mvc.TagHelpers.dll": "a9270893107ee6cd05340bcef88b4e81",
    "Microsoft.AspNetCore.Mvc.ViewFeatures.dll": "7cfe415246c3f78d936f6b15ba1f87b9",
    "Microsoft.AspNetCore.Mvc.dll": "e478cdd10df42bd480729f735380f29e",
    "Microsoft.AspNetCore.OutputCaching.dll": "c40317be6cbcc4dbf059c3529880d6e4",
    "Microsoft.AspNetCore.Razor.Runtime.dll": "22198113c98c8bbe54d470ecf7a4042c",
    "Microsoft.AspNetCore.Razor.dll": "60b0479e848341fa07394276dc70cb41",
    "Microsoft.AspNetCore.ResponseCaching.Abstractions.dll": "0866763f0aee904b19c8c54e7bacfdc4",
    "Microsoft.AspNetCore.Routing.Abstractions.dll": "176235d750e3a0ff238e77c36e49f53f",
    "Microsoft.AspNetCore.Routing.dll": "d3a302881c4e80f7d84496d6e6bf91c7",
    "Microsoft.AspNetCore.Server.HttpSys.dll": "3ab5ba2ff9a9aa4eda1bfed157e6da8f",
    "Microsoft.AspNetCore.Server.IIS.dll": "e74f3a3547be7d37fdc7ff17a59be070",
    "Microsoft.AspNetCore.Server.IISIntegration.dll": "4cd116e11b1647ac9279ceb8648ebee0",
    "Microsoft.AspNetCore.Server.Kestrel.Core.dll": "db4ba37ea23fe5f45ac0dbe89edf034d",
    "Microsoft.AspNetCore.Server.Kestrel.Transport.NamedPipes.dll": "06d56d2621dd7db4b1c80ce20e64517c",
    "Microsoft.AspNetCore.Server.Kestrel.Transport.Quic.dll": "b56f9ba48d5354641eeab5cf4219ee6b",
    "Microsoft.AspNetCore.Server.Kestrel.Transport.Sockets.dll": "4915e4e6c3b7ce69c51d03e2e766e9a0",
    "Microsoft.AspNetCore.Server.Kestrel.dll": "50baac6cd36a486288bf18f3b084d9ef",
    "Microsoft.AspNetCore.SignalR.Common.dll": "ecd45a6a35a5184192cc6a837493b9a9",
    "Microsoft.AspNetCore.SignalR.Core.dll": "01fb8b74843e40dcf42d68b2fa6036f7",
    "Microsoft.AspNetCore.SignalR.Protocols.Json.dll": "c62c1064958aa14d2673d6cbf9e956e8",
    "Microsoft.AspNetCore.SignalR.dll": "094269a802fc1d9b5c5a79ed707053c6",
    "Microsoft.AspNetCore.StaticFiles.dll": "ac9dbcd8d516ae021d7e0358fefa4af8",
    "Microsoft.AspNetCore.WebSockets.dll": "e8ba2f34e59409f0a1c061039324fb4b",
    "Microsoft.AspNetCore.WebUtilities.dll": "01d7a0682f915cbb51c3f3779102fc2f",
    "Microsoft.AspNetCore.dll": "92da20a7a896fda303406c0bc274bf77",
    "Microsoft.CSharp.dll": "61380a9337e96e29c8bf3b40d1c7f1a4",
    "Microsoft.DiaSymReader.Native.amd64.dll": "c7928ca11cf13e8186adf447c7ebfb0f",
    "Microsoft.DirectManipulation.dll": "1c3f253d0780a01cfb886f7fb89d1721",
    "Microsoft.Extensions.Caching.Abstractions.dll": "5248f443cd2d1e614902de2317ec3f38",
    "Microsoft.Extensions.Caching.Memory.dll": "3d4ec74bf47c8cc8600b125ce818d423",
    "Microsoft.Extensions.Configuration.Abstractions.dll": "abe1f7ffca07b647ab6328957f4c55ab",
    "Microsoft.Extensions.Configuration.Binder.dll": "f757c0f657a5106b2f2cc75727e57413",
    "Microsoft.Extensions.Configuration.CommandLine.dll": "9bc587bea728497086f75bfacace4234",
    "Microsoft.Extensions.Configuration.EnvironmentVariables.dll": "6b9f4d2d431cfab688bd1aee26a9aa8f",
    "Microsoft.Extensions.Configuration.FileExtensions.dll": "cf8f0c913e7c357d8e9e470f6f92f4f5",
    "Microsoft.Extensions.Configuration.Json.dll": "cdc32ff51e2173be689dc94f68d6f071",
    "Microsoft.Extensions.Configuration.KeyPerFile.dll": "f8cf45d60226d987ad88964fb45d1321",
    "Microsoft.Extensions.Configuration.UserSecrets.dll": "038c8bedaa077eff78541f6e301daf25",
    "Microsoft.Extensions.Configuration.dll": "9e533c1c34d122b75b42da15f6f8e0da",
    "Microsoft.Extensions.DependencyInjection.Abstractions.dll": "e3bb84f327ec3cfe5c1d9a530a8218bb",
    "Microsoft.Extensions.DependencyInjection.dll": "fdd96856afcc76f77d062f1c8f2ecfb4",
    "Microsoft.Extensions.Diagnostics.Abstractions.dll": "e5307a243c5eb94eb17b5dc493b2ae9b",
    "Microsoft.Extensions.Diagnostics.dll": "fcccbac8da06781c06c3c3c76eeb0fd8",
    "Microsoft.Extensions.Features.dll": "2b2bb16f7097744ad90e5bb8d34badd3",
    "Microsoft.Extensions.FileProviders.Abstractions.dll": "58d4e88d343c7e22a0a89e8285c59390",
    "Microsoft.Extensions.FileProviders.Composite.dll": "ad7c297abdba620fa0193f3510b59e83",
    "Microsoft.Extensions.FileProviders.Embedded.dll": "852e65b51b7d80ad7881e824fa4b932f",
    "Microsoft.Extensions.FileProviders.Physical.dll": "2a9d8e805bdf2ce1a83bace7351c3e50",
    "Microsoft.Extensions.FileSystemGlobbing.dll": "04948474152925ffbbf9cce0d29dc38d",
    "Microsoft.Extensions.Hosting.Abstractions.dll": "b29a8de3e09c19b592f43557766c69c1",
    "Microsoft.Extensions.Hosting.dll": "3a2c1594800e65645574dbfa942cd66b",
    "Microsoft.Extensions.Localization.Abstractions.dll": "f74e78f6f6e585fcb139a327e7368ac5",
    "Microsoft.Extensions.Localization.dll": "f8e5695587cf988ba5b4a12def5f5915",
    "Microsoft.Extensions.Logging.Abstractions.dll": "9b88412f5007772678c59ee934f9bf00",
    "Microsoft.Extensions.Logging.Configuration.dll": "a0973f1b7c16c1e2f5c0592eb6a60691",
    "Microsoft.Extensions.Logging.Console.dll": "b63d9f8bf487841beefa5a0c07f54fb3",
    "Microsoft.Extensions.Logging.Debug.dll": "31682c20524a4e6219e16cf444a34612",
    "Microsoft.Extensions.Logging.EventLog.dll": "f2194529e159291b3bbfddd8af8a17dd",
    "Microsoft.Extensions.Logging.EventSource.dll": "64f7be25db6e611e06e252c6cb90c6d4",
    "Microsoft.Extensions.Logging.dll": "0a7344767eed7e8182637eaff5cc569a",
    "Microsoft.Extensions.ObjectPool.dll": "8af63a73a8a869e361d2297c8bb200b6",
    "Microsoft.Extensions.Options.ConfigurationExtensions.dll": "856a254e775421f458e7a67827c24345",
    "Microsoft.Extensions.Options.dll": "63658eb3d66deb6405ec1e65d0ba51fd",
    "Microsoft.Extensions.Primitives.dll": "3034f08f0a2141f27eadc49c54b3c42a",
    "Microsoft.Extensions.WebEncoders.dll": "467fe0aac7e31763565f528e142d4104",
    "Microsoft.Foundation.winmd": "a61c214ef56ba65a224dbf02bfaacdde",
    "Microsoft.Graphics.Canvas.Interop.dll": "9c9cc4789045cbfc3cdaae7c7db4b1c1",
    "Microsoft.Graphics.Canvas.dll": "d1a093a80ef5854bfa1861a2357bdeff",
    "Microsoft.Graphics.Display.dll": "b87e207836ef23c0d25267f51df10ffb",
    "Microsoft.Graphics.Imaging.dll": "ea792b37575788768ed83cb672c41d9d",
    "Microsoft.Graphics.Imaging.winmd": "23320bd4a7d7003eb7f738dc3300c1e7",
    "Microsoft.Graphics.ImagingInternal.winmd": "6ba9905e0c8fdb51a3b31da56d8165c8",
    "Microsoft.Graphics.Internal.Imaging.winmd": "517e4f5fca63c4908e21889d69751a80",
    "Microsoft.Graphics.winmd": "bb77c81853311af8da3e7d1da8177b7c",
    "Microsoft.InputStateManager.dll": "ccebe6cd3db0082606b98d4d8ea8b147",
    "Microsoft.InteractiveExperiences.Projection.dll": "71f611f950d817f11d2532e424399abf",
    "Microsoft.Internal.FrameworkUdk.dll": "2485a40dbe57f4334bff10c577685b58",
    "Microsoft.JSInterop.dll": "6f24486e8fcb1ea3406152d8cd0c6346",
    "Microsoft.Management.Deployment.winmd": "316f42a3405818e8680122bb35b82f22",
    "Microsoft.Net.Http.Headers.dll": "6425c6f5ce2087592ebb657f3766731a",
    "Microsoft.Security.Authentication.OAuth.winmd": "851a3e905c9ee2361d6c9a53c67d30e9",
    "Microsoft.UI.Composition.OSSupport.dll": "dfc2144dfa11907471c41ffb11b9be6c",
    "Microsoft.UI.Input.dll": "40a7007204fcabc83ec8fd97b1fa63c1",
    "Microsoft.UI.Text.winmd": "18dfdc7cbd95777d53c762002d2b894e",
    "Microsoft.UI.Windowing.Core.dll": "45061ca4fa6e917eca68f8a49869c3ef",
    "Microsoft.UI.Windowing.dll": "087d4f1f63dfa09ffddfe02104ec29c9",
    "Microsoft.UI.Xaml.Controls.dll": "75a93f4157e29ccac53645b62bd34394",
    "Microsoft.UI.Xaml.Controls.pri": "4bc820401bb282a8c358dd1e62308dbf",
    "Microsoft.UI.Xaml.Internal.dll": "d154b3eb3d873c28d069f2a05d646b6d",
    "Microsoft.UI.Xaml.Phone.dll": "45a3ea76ae4bdde754bca54d148b564f",
    "Microsoft.UI.Xaml.winmd": "f827b543914259825897eb267b6dd0b6",
    "Microsoft.UI.Xaml/Assets/NoiseAsset_256x256_PNG.png": "81f27726c45346351eca125bd062e9a7",
    "Microsoft.UI.Xaml/Assets/map.html": "99d3c163d4657e53fe4249e2d8835402",
    "Microsoft.UI.dll": "1491fa9d491e3e4cc026c7933d0b770a",
    "Microsoft.UI.pri": "c872222e1594212e229065a44d2807d8",
    "Microsoft.UI.winmd": "232b0c9591e8fd51924022e73c2267a8",
    "Microsoft.Web.WebView2.Core.Projection.dll": "5edb8d40b5118df4d3ebc4fe00184203",
    "Microsoft.Web.WebView2.Core.dll": "7ef9deb7de2af95b0a5e4354889e4979",
    "Microsoft.Win32.Primitives.dll": "be7a78a4c24e88a592f7c9447ac0ee21",
    "Microsoft.Win32.Registry.dll": "a81bbdfd8fb21f28833d318ca5b851b7",
    "Microsoft.Win32.SystemEvents.dll": "16259ce860f9a65cded9962d88eca3d1",
    "Microsoft.WinUI.dll": "61ee03a32aa080ce3bcc7c71ee9169c1",
    "Microsoft.Windows.AI.ContentModerationInternal.winmd": "f098d559d65244f939473c06375d130e",
    "Microsoft.Windows.AI.ContentSafety.dll": "0509529a6161d31266111ac30bbd9a19",
    "Microsoft.Windows.AI.ContentSafety.winmd": "b8fec2ea944edeeae42de0b1d57247b1",
    "Microsoft.Windows.AI.Foundation.winmd": "ca02b50f64dfffb319c283182fdd9aa7",
    "Microsoft.Windows.AI.FoundationInternal.winmd": "18519049d3808978e3b4d3b774831838",
    "Microsoft.Windows.AI.GenerativeInternal.winmd": "4626f274edfcaff0856f066fb0d8ff05",
    "Microsoft.Windows.AI.Imaging.dll": "0299888e285bb985dce59cee7b2367df",
    "Microsoft.Windows.AI.Imaging.winmd": "b31383ca16a2be53c2d81cb0291a8408",
    "Microsoft.Windows.AI.Text.dll": "61d50ea9fdf20ce6efbb67b406cecc65",
    "Microsoft.Windows.AI.Text.winmd": "12b1b03662ab775a932c7da064e65b3a",
    "Microsoft.Windows.AI.winmd": "f429bc681b253c9bcb547a1e768161b5",
    "Microsoft.Windows.AppLifecycle.Projection.dll": "98ed8e30b6cf64abaa4f377404881d28",
    "Microsoft.Windows.AppLifecycle.winmd": "2c09a980d668898d7c6f796211f03051",
    "Microsoft.Windows.AppNotifications.Builder.Projection.dll": "678c7ef44b16b39dca052ea4956e5067",
    "Microsoft.Windows.AppNotifications.Builder.winmd": "1ad315ea1e61437ee49f3fc9024c730f",
    "Microsoft.Windows.AppNotifications.Projection.dll": "91add14c7a5aa028205d53fba15997cb",
    "Microsoft.Windows.AppNotifications.winmd": "0be82d375b7afa0b98a9d1618ebee34f",
    "Microsoft.Windows.ApplicationModel.Background.UniversalBGTask.dll": "09c7b2acd15a12d467ff69e6b616acde",
    "Microsoft.Windows.ApplicationModel.Background.UniversalBGTask.winmd": "c417a705ca95d113ca8c7ecd3e7ebc50",
    "Microsoft.Windows.ApplicationModel.Background.winmd": "cccab88b46c0087f29d9e64cdc565ead",
    "Microsoft.Windows.ApplicationModel.DynamicDependency.winmd": "eb5fbd2dd5e7664f339c07a0161eb0db",
    "Microsoft.Windows.ApplicationModel.Resources.Projection.dll": "19890ecfed0dfe6b5dea0a73cbe98e62",
    "Microsoft.Windows.ApplicationModel.Resources.dll": "864f3de4e3cb56a5ffc1ada0d5a0970f",
    "Microsoft.Windows.ApplicationModel.Resources.winmd": "dd2ab9f704b0edcd2763a6b09cd8e33e",
    "Microsoft.Windows.ApplicationModel.WindowsAppRuntime.winmd": "ea436d7c393bc443e09f65eeba479494",
    "Microsoft.Windows.BadgeNotifications.winmd": "97f9d5bf7f67ad5d0d3efaf684ee2edd",
    "Microsoft.Windows.Globalization.winmd": "e136d03263abbefd0fa93635b7bb0d26",
    "Microsoft.Windows.Internal.Vision.winmd": "7702ebebf7ac90134f3501f621a94f1a",
    "Microsoft.Windows.Management.Deployment.winmd": "967bd867eda30ed7dba5319768eb62cd",
    "Microsoft.Windows.Media.Capture.winmd": "a5ca98184c61d0d8224f56f1d4c5fbe7",
    "Microsoft.Windows.Private.Workloads.SessionManager.winmd": "00be1d614e9ea07d96e366da6e317b89",
    "Microsoft.Windows.PrivateCommon.winmd": "2c7e3ded3bae9b025ec040e3a63ee5b3",
    "Microsoft.Windows.PushNotifications.winmd": "401b50ecf685b998107681cce527face",
    "Microsoft.Windows.SDK.NET.dll": "a793377bcea58a0151064e48477347af",
    "Microsoft.Windows.Security.AccessControl.winmd": "329ed71b8b9f340c01f9353a99124dfb",
    "Microsoft.Windows.SemanticSearch.winmd": "a683e643b0fd21e1b15f9bdfde7e79af",
    "Microsoft.Windows.Storage.winmd": "69a14d9384025aaa2e83095d9e4ab852",
    "Microsoft.Windows.System.Power.Projection.dll": "c97069c3fe0daed239ca7b419286cfca",
    "Microsoft.Windows.System.Power.winmd": "09dc1bb634c1850425cb3684f9a884d6",
    "Microsoft.Windows.System.winmd": "7cc501f7b30e22fe57270179a1cf843a",
    "Microsoft.Windows.Vision.winmd": "194506061f46f463aed9a78dd31ff2e6",
    "Microsoft.Windows.VisionInternal.winmd": "aa89f6aa79d18ac9f29c8e543336dc51",
    "Microsoft.Windows.Widgets.dll": "3c6506c31657c5df81e8499b6eb108de",
    "Microsoft.Windows.Widgets.winmd": "7052c1549d607b820d296a49faa30756",
    "Microsoft.Windows.Workloads.Resources.dll": "1df0e6a8c6e6afdb98f201f06b65cad3",
    "Microsoft.Windows.Workloads.Resources_ec.dll": "7ba3494be5c2eeb639e96d8ee4690e3e",
    "Microsoft.Windows.Workloads.dll": "e8232e155970e889da2958e2e6b9ce65",
    "Microsoft.Windows.Workloads.winmd": "f1bb846975ea27a9cf1c1213973fc666",
    "Microsoft.WindowsAppRuntime.Bootstrap.dll": "808cf891e49e1f964cbc26a9d104d3b7",
    "Microsoft.WindowsAppRuntime.Insights.Resource.dll": "31e730ddbfd2193a9409f6e5b4af1acd",
    "Microsoft.WindowsAppRuntime.dll": "6722ffafd5727e79b50089028cd12de9",
    "Microsoft.ui.xaml.dll": "00860841b795ec8bf1b7cfb7b2d37319",
    "Microsoft.ui.xaml.resources.19h1.dll": "539928f9a11411ddff44c35e2a8e453b",
    "Microsoft.ui.xaml.resources.common.dll": "a445aa215fb43a602e15678bc9e49543",
    "NpuDetect/NPUDetect.dll": "0592adacd1e923cab99846fecf0e214d",
    "Octokit.dll": "fd9af7a2934424e87db7a7514c5c29d1",
    "PhotoSauce.MagicScaler.dll": "3087bb682750320512e854d82f229e49",
    "PushNotificationsLongRunningTask.ProxyStub.dll": "dc3fa4523687b8e79d6a5deb1c57c73d",
    "RestartAgent.exe": "885eed87cb59e8c4ee3cb37447e27f37",
    "SessionHandleIPCProxyStub.dll": "a68fd11e5ce4263079eec90bbab3d053",
    "System.Collections.Concurrent.dll": "afe42e083f50c6abadd290c616be2b46",
    "System.Collections.Immutable.dll": "ae85fc3dda2318d3d7e175fbf3715624",
    "System.Collections.NonGeneric.dll": "fcdb0a8a288e095b3413fc20bec29a24",
    "System.Collections.Specialized.dll": "0d6d4d74e9ad404e4d753ec3a79160ab",
    "System.Collections.dll": "5fc5c493987a6fc578bf82e0f8db4788",
    "System.ComponentModel.Annotations.dll": "dcd10b4d89c2731859f7a31d1bde502e",
    "System.ComponentModel.EventBasedAsync.dll": "9167ee2c258b31b24e024e49df4494ce",
    "System.ComponentModel.Primitives.dll": "df1606499b29d6df02a4e716b418ae8e",
    "System.ComponentModel.TypeConverter.dll": "0637a3841d77588c978eb1ad7cc36f16",
    "System.ComponentModel.dll": "169820023b6563edb8981a83e60cc4ff",
    "System.Console.dll": "f4022a7dc35d9087962c4a45396f4945",
    "System.Data.Common.dll": "c917056d84cdbc54dd9add56440b15b7",
    "System.Diagnostics.DiagnosticSource.dll": "0a74737e9969e353e9da38250a567af6",
    "System.Diagnostics.EventLog.dll": "11c6d25b8c17eb8c3e5a65debeab5e30",
    "System.Diagnostics.Process.dll": "ac726974b85b68318fd98b305975172e",
    "System.Diagnostics.StackTrace.dll": "154700c6dbbba4c6e290314672924d84",
    "System.Diagnostics.TraceSource.dll": "813a5013762ab2a8c687701225c74987",
    "System.Diagnostics.Tracing.dll": "75b248931c7f2cee4df740ac5a235249",
    "System.Drawing.Common.dll": "e58fd231a3abc2ffeb2b4aefe2e4d4bc",
    "System.Drawing.Primitives.dll": "666b79edc9d9ed336140ad9d2eb61a03",
    "System.Drawing.dll": "8a7d76f75886f635f20864d157ba721e",
    "System.Formats.Asn1.dll": "88cdfc0544863c2eea177e7fb57abd56",
    "System.IO.Compression.Brotli.dll": "845603fd56b486dba72a58838f748e44",
    "System.IO.Compression.Native.dll": "a3266029e7fa74a1b8bd9dc93f97f085",
    "System.IO.Compression.dll": "e6704cc66b6f64e0b76356f6310ea95d",
    "System.IO.FileSystem.AccessControl.dll": "a60be509114d59237e6f4d351c14b842",
    "System.IO.FileSystem.Watcher.dll": "fa21900933db90dbfcfa8b792d6c33d6",
    "System.IO.MemoryMappedFiles.dll": "6afc4ee05e47ba2832bbfcc1cbba9845",
    "System.IO.Pipelines.dll": "06c28984402eda0e8fe6d15eadc57db5",
    "System.IO.Pipes.dll": "309161e216357f325fd33bc450627e5e",
    "System.Linq.Expressions.dll": "8d8145a7a0060baf67cb6670e5d079f7",
    "System.Linq.dll": "d42f7564d1b35315913bba062f4e2576",
    "System.Memory.dll": "d9af83f2b892ef948e1b4c018743f4ad",
    "System.Net.Http.dll": "4cbb58b71380054bb23830e3d99e7aab",
    "System.Net.NameResolution.dll": "9b032a0e6c9948b0c4ef0e5cf8c0993e",
    "System.Net.NetworkInformation.dll": "0844ca3197d70ddd7b54a7e58d27fb2e",
    "System.Net.Primitives.dll": "e0ec4c4c23a809212430093abdd40e2a",
    "System.Net.Quic.dll": "09563c734fe0cc6e0d7f16a6035c4cc3",
    "System.Net.Requests.dll": "25d7206158284e3f7c4bdb9dd4d2e448",
    "System.Net.Security.dll": "84e97b31633452f4e071d62617ff92ae",
    "System.Net.ServicePoint.dll": "1612c9ba87bea213172b758a5fcdd28c",
    "System.Net.Sockets.dll": "aaed2b32390aefde7beb0d8a3655f482",
    "System.Net.WebHeaderCollection.dll": "1f8ff6186a4fbea3ed78ad407a3bba5c",
    "System.Net.WebProxy.dll": "78b92049f732fbda97067bdb98a7d1a7",
    "System.Net.WebSockets.dll": "f185e80def257d08bc4ed43ed6b0726a",
    "System.Numerics.Vectors.dll": "95164bce6e220af639f24c0532589d5d",
    "System.ObjectModel.dll": "1c16903622276761145fa561bd03dfb4",
    "System.Private.CoreLib.dll": "b5c6e6f346408ccca4e6dca5b0aa6476",
    "System.Private.DataContractSerialization.dll": "0b414fd0b1a7ff50afc4f567c4c9535d",
    "System.Private.Uri.dll": "a9d12ff313e7dc190a39c7c3d711d3bd",
    "System.Private.Windows.Core.dll": "6dcc9eda378f3ad9eee11f4f5c6e8c23",
    "System.Private.Xml.Linq.dll": "8181914a9d50e9efccef473ab0070d7e",
    "System.Private.Xml.dll": "9dfbaacf2cf6df63087353b1d8f2f083",
    "System.Reflection.Emit.ILGeneration.dll": "ca61ffd511a24e4d96d84306dd7fc38e",
    "System.Reflection.Emit.dll": "513fe9840d0ad924d307184b96d70753",
    "System.Reflection.Metadata.dll": "c6cb1c056b26deffce9674f1c22b9765",
    "System.Reflection.Primitives.dll": "4af37f0f9b07fdc8358227c205c279de",
    "System.Runtime.InteropServices.dll": "0d8e1f4182014a8d46f0ceb7bbf7f38b",
    "System.Runtime.Loader.dll": "eec61d1bb73dd0583173bb1ce8eb5561",
    "System.Runtime.Numerics.dll": "bfa08a0313b6e9140a8e4a59b3e351ce",
    "System.Runtime.Serialization.Formatters.dll": "5ba2fb5d805a29053ffadc86344838c3",
    "System.Runtime.Serialization.Primitives.dll": "7ccd25a00abaa29c2c86934aae39e2d0",
    "System.Runtime.Serialization.Xml.dll": "66c78479e15c34d109d00cb340942f77",
    "System.Runtime.dll": "f3b0c2969ff67db2c0b588c45e11a423",
    "System.Security.AccessControl.dll": "f4c92cd85bc6ff2d90f0113ce05aff3c",
    "System.Security.Claims.dll": "065cab82ff4ac09c7e3718b7c8d64159",
    "System.Security.Cryptography.Pkcs.dll": "94f38c44090cc0c02293a0db823e05ca",
    "System.Security.Cryptography.Xml.dll": "f62ba030685099b3d2aedf88b45ec37e",
    "System.Security.Cryptography.dll": "feb88bd77a81319fa5d4131861f6539f",
    "System.Security.Principal.Windows.dll": "56de87044c692b680ddde6a9490a6c2c",
    "System.Text.Encoding.CodePages.dll": "6ac9852cd8e0fd265421f7d669d87c39",
    "System.Text.Encoding.Extensions.dll": "21dd12826e7b8fb86fc0118442caa542",
    "System.Text.Encodings.Web.dll": "4906d6ddbed3c1f23ab5db87c887d58d",
    "System.Text.Json.dll": "723bca9c3b22b3c7be15335dbf340b81",
    "System.Text.RegularExpressions.dll": "7cd7d31a510689ca0c3810f7a4c6c428",
    "System.Threading.Channels.dll": "50895c6a36d435a6fd31e32f36dffd19",
    "System.Threading.Thread.dll": "3e27423f5e543b3ec82bb9dc18872859",
    "System.Threading.ThreadPool.dll": "480c1e36321dba00edd2e34f54aa1bb1",
    "System.Threading.dll": "d016e90fcffce6d25d58ab7447669297",
    "System.Web.HttpUtility.dll": "85fa0f7e3730c24ff52010766185a36d",
    "System.Xml.Linq.dll": "c5542301c5e1b028a4a29d0f21c02138",
    "System.Xml.ReaderWriter.dll": "b9b0cf59fe347f93756c3f3080a2af18",
    "System.Xml.XmlSerializer.dll": "86d770520049ac7b56ab5442293eabc1",
    "System.dll": "3311f2dd70c71bf71573bbc902a5b63e",
    "UniGetUI.Core.Classes.dll": "792f358dd9f657f23b43de5fdc86d8d0",
    "UniGetUI.Core.Classes.pdb": "95f8db529f4f46bfa6433b605e37798e",
    "UniGetUI.Core.Data.dll": "7091c818ad51dd6b6211817e8495c94e",
    "UniGetUI.Core.Data.pdb": "39b76f6f849c06eae1994a4ff56e759b",
    "UniGetUI.Core.IconEngine.dll": "3c7e1033c3711b1006087d874341af3b",
    "UniGetUI.Core.IconEngine.pdb": "f537c8e0df367feefc3e68f08a644b29",
    "UniGetUI.Core.LanguageEngine.dll": "640f3e4cc7e0acde8b7c0c186b2d6ffc",
    "UniGetUI.Core.LanguageEngine.pdb": "fc1f5273b317cbe06f745ba4d9325a79",
    "UniGetUI.Core.Logging.dll": "df91081802e5fab256ab3e7000e22b6c",
    "UniGetUI.Core.Logging.pdb": "a8ea2c9c94ca1c0441cff84c294801dd",
    "UniGetUI.Core.SecureSettings.dll": "c98008574a8958c5493df6997f77617a",
    "UniGetUI.Core.SecureSettings.pdb": "4215c76f3542991396dcbf9151afa76e",
    "UniGetUI.Core.Settings.dll": "ecfa5de512b40b8b6551d9d5c7bc550c",
    "UniGetUI.Core.Settings.pdb": "3f002080149a543b3e2f1e74fe934dc0",
    "UniGetUI.Core.Tools.dll": "2cf535f2c5e2ae040d27d30134165d30",
    "UniGetUI.Core.Tools.pdb": "7862f5f64d1eeebc2fe2b55f11f550a2",
    "UniGetUI.Interface.BackgroundApi.dll": "f05883a8b3bbb842cc06d49d442705f2",
    "UniGetUI.Interface.BackgroundApi.pdb": "600cd5239086b5e9fe80361bde82cc5d",
    "UniGetUI.Interface.Enums.dll": "91e2183fcf64bcc2f7079cd3dcaa3b8e",
    "UniGetUI.Interface.Enums.pdb": "a7b81d567ab132d289808638062d2cd3",
    "UniGetUI.Interface.Telemetry.dll": "e1a9043e11c6bb102307c45f4cefeca2",
    "UniGetUI.Interface.Telemetry.pdb": "030c3190dc8253709050270101520fa1",
    "UniGetUI.PackageEngine.Classes.dll": "e55fc96b227590014d26515ccd94b8f1",
    "UniGetUI.PackageEngine.Classes.pdb": "9fe81d2f19b2b7fbf0cb41a3764b32fe",
    "UniGetUI.PackageEngine.Interfaces.dll": "af0870883fdcad990ea0967de094c2a3",
    "UniGetUI.PackageEngine.Interfaces.pdb": "dd25037e6859d37745efa7d8aa67ba50",
    "UniGetUI.PackageEngine.Managers.Cargo.dll": "5eac6aabeb7d2ba4bfc5e55d954a3ebf",
    "UniGetUI.PackageEngine.Managers.Cargo.pdb": "b92a3178071f3ae1e8046b9f3e434048",
    "UniGetUI.PackageEngine.Managers.Chocolatey.dll": "be4be110fb82ab913c3da112740f6dfb",
    "UniGetUI.PackageEngine.Managers.Chocolatey.pdb": "d86ad713870bd3b7e8f85ebf56b8ab7d",
    "UniGetUI.PackageEngine.Managers.Dotnet.dll": "5c2c87fb3b4cf6df6e200b22382b23f9",
    "UniGetUI.PackageEngine.Managers.Dotnet.pdb": "d308216d146d05f84860012ab98939c1",
    "UniGetUI.PackageEngine.Managers.Generic.NuGet.dll": "27c881607c7dfd6e26b436ed7bd065fa",
    "UniGetUI.PackageEngine.Managers.Generic.NuGet.pdb": "17160e32dad7d968d5f61125b92276fb",
    "UniGetUI.PackageEngine.Managers.Npm.dll": "685ae9b9e7c691717fe6d9bb72128753",
    "UniGetUI.PackageEngine.Managers.Npm.pdb": "463a2f24ee74a389bb97fcd5a33374dc",
    "UniGetUI.PackageEngine.Managers.Pip.dll": "ecbc0aee0f41bcb5a352233c6fbf1d65",
    "UniGetUI.PackageEngine.Managers.Pip.pdb": "b3e0c8b1083d8209131ed5c15b8fae00",
    "UniGetUI.PackageEngine.Managers.PowerShell.dll": "da2154d2a93822258394d6fb415b20bb",
    "UniGetUI.PackageEngine.Managers.PowerShell.pdb": "90df9bd33122a9411ee823248a8369a2",
    "UniGetUI.PackageEngine.Managers.PowerShell7.dll": "ff2978a205788024791bb9fa7c84d943",
    "UniGetUI.PackageEngine.Managers.PowerShell7.pdb": "df5e00f41c9903809571e2ae8816ec9e",
    "UniGetUI.PackageEngine.Managers.Scoop.dll": "3447f4a58716fcbac13b8b7283e00b69",
    "UniGetUI.PackageEngine.Managers.Scoop.pdb": "a700ef1e7fda7552f9541a1f367c7264",
    "UniGetUI.PackageEngine.Managers.Vcpkg.dll": "7372e1da505f333139c4c5f8f6424eeb",
    "UniGetUI.PackageEngine.Managers.Vcpkg.pdb": "f345995ff595ec8295f17f0c8a24039f",
    "UniGetUI.PackageEngine.Managers.WinGet.dll": "f5145fff4060740618cc5c814531b639",
    "UniGetUI.PackageEngine.Managers.WinGet.pdb": "d8010a6d06d0878520c5eb8499cdb806",
    "UniGetUI.PackageEngine.Operations.dll": "47b4b8ceef3ce68164f39b156943ef5e",
    "UniGetUI.PackageEngine.Operations.pdb": "cd078253c504163752c803855d37fb34",
    "UniGetUI.PackageEngine.PEInterface.dll": "d0ad3e38ab274bec4e8ef4dc83d305ff",
    "UniGetUI.PackageEngine.PEInterface.pdb": "d3b73b92f30259cc783313c5f5780c76",
    "UniGetUI.PackageEngine.PackageLoaders.dll": "ffc41a4b5ed86794acd2a5bb153c22c2",
    "UniGetUI.PackageEngine.PackageLoaders.pdb": "32938586c5fe5f6430e9c31c93f98391",
    "UniGetUI.PackageEngine.Serializable.dll": "729725963aabf43bee7527e209830a3f",
    "UniGetUI.PackageEngine.Serializable.pdb": "09b43ac0eba04cb4f02edc4c9ce72b85",
    "UniGetUI.PackageEngine.Structs.dll": "a85e64608206a837138575b936541f06",
    "UniGetUI.PackageEngine.Structs.pdb": "09f19bc86f8469e41ed569488206adc0",
    "UniGetUI.deps.json": "e736d13fd5ba9940fd7c15cf8da02805",
    "UniGetUI.dll": "344c9ebd3b5ef8bee6442f4ba780edb0",
    "UniGetUI.exe": "4186cbc5616d613d2060eabb53d85f2f",
    "UniGetUI.pdb": "afbcff928e9895949ab8022c18225d9b",
    "UniGetUI.runtimeconfig.json": "e9a814f77d49581231e189dc06bf61c6",
    "WebView2Loader.dll": "393aa0b32b59c70afdc61d0c06d94dc4",
    "WinRT.Runtime.dll": "77427b6925b93193c3e2b6e4fa8a93b4",
    "WinUIEdit.dll": "c09e63ec613aeb14d24108749e8a82fd",
    "WindowsAppRuntime.DeploymentExtensions.OneCore.dll": "22f8c86962efcabf5bb7e312ac208fee",
    "WindowsAppRuntime.png": "0c611d40aa8095ae7f100e96bad42e74",
    "WindowsAppSdk.AppxDeploymentExtensions.Desktop-EventLog-Instrumentation.dll": "7c01c3c309e0d63ac33af902c47a9ee1",
    "WindowsAppSdk.AppxDeploymentExtensions.Desktop.dll": "fa2abe180d6bd025d9b065832095de81",
    "WingetUI.exe": "4186cbc5616d613d2060eabb53d85f2f",
    "YamlDotNet.dll": "9ff00505d9651e947ebcc2095fa440d6",
    "af-ZA/Microsoft.UI.Xaml.Phone.dll.mui": "c190073d2c19299ad1d1583832508942",
    "af-ZA/Microsoft.ui.xaml.dll.mui": "33fdadbc228594251793613efa935512",
    "am-ET/Microsoft.UI.Xaml.Phone.dll.mui": "c05de682a5f2d4a792e55af9275433c0",
    "am-ET/Microsoft.ui.xaml.dll.mui": "b6eed5b30e02998e43563c57b60065f4",
    "ar-SA/Microsoft.UI.Xaml.Phone.dll.mui": "b472f3e42e36c924a6d37fe750f6dbf7",
    "ar-SA/Microsoft.ui.xaml.dll.mui": "9779d6dc354620517ef0a2f7581ddeea",
    "as-IN/Microsoft.UI.Xaml.Phone.dll.mui": "b7a10e075f61ee3e5b8843be3d87aa11",
    "as-IN/Microsoft.ui.xaml.dll.mui": "7004d34d7bc48e5fb72d135d352e343e",
    "aspnetcorev2_inprocess.dll": "942d0a6577aea4c4f533fc347907ad6c",
    "az-Latn-AZ/Microsoft.UI.Xaml.Phone.dll.mui": "1f2981fc336311e5114cc9f9922dcb72",
    "az-Latn-AZ/Microsoft.ui.xaml.dll.mui": "1e34b8ec4147018912389008a09a46a1",
    "bg-BG/Microsoft.UI.Xaml.Phone.dll.mui": "d98ee2ab1aec861c4df7dcd33b7ed9c5",
    "bg-BG/Microsoft.ui.xaml.dll.mui": "c3b4147f03048580ca5f7e63aca80030",
    "bn-IN/Microsoft.UI.Xaml.Phone.dll.mui": "47b6beeb9b45ce2840053bab4d2afd4d",
    "bn-IN/Microsoft.ui.xaml.dll.mui": "bb98664b14151e3ab16cfd662ce6f1b0",
    "bs-Latn-BA/Microsoft.UI.Xaml.Phone.dll.mui": "d8eb5e67bce665bfbf91423f6659e5f9",
    "bs-Latn-BA/Microsoft.ui.xaml.dll.mui": "75118d218c0df0c56f8ace55b8f18087",
    "ca-ES/Microsoft.UI.Xaml.Phone.dll.mui": "a4d1641e0a05d94cef4d48ae59e75330",
    "ca-ES/Microsoft.ui.xaml.dll.mui": "1598033e8099ffb934a320c7299a3628",
    "ca-Es-VALENCIA/Microsoft.UI.Xaml.Phone.dll.mui": "ea8e7bcacbc5f50ae0038435cac234cb",
    "ca-Es-VALENCIA/Microsoft.ui.xaml.dll.mui": "1497509f5033d5c1c98e1cadfe8d168e",
    "clretwrc.dll": "cb55fd9646bbf52ce1eda0d637e90eee",
    "clrgc.dll": "6d76ca3fa1dd0950a1206d12af395e2a",
    "clrjit.dll": "b9b235589e735d10ea696fb609e11388",
    "coreclr.dll": "ec31aee53421a8e4d7f98acc5f78474e",
    "createdump.exe": "4eb37be870ab4e3dbc147ea93925e554",
    "cs-CZ/Microsoft.UI.Xaml.Phone.dll.mui": "d297f9432c2b8151cb328956381548ef",
    "cs-CZ/Microsoft.ui.xaml.dll.mui": "efe3e8b0275e853cb8cf637da896e889",
    "cy-GB/Microsoft.UI.Xaml.Phone.dll.mui": "7eb4424e5ce0fdf5e6c43dfcfd2e3fc1",
    "cy-GB/Microsoft.ui.xaml.dll.mui": "0f351dc48500a86cfd0c87fa5b673b5d",
    "da-DK/Microsoft.UI.Xaml.Phone.dll.mui": "9c94685d8da91953ff037459525a37bd",
    "da-DK/Microsoft.ui.xaml.dll.mui": "f30c22779bd6a396ace9ab1a9d0a5296",
    "dcompi.dll": "fd853c769fac4d981730ff0b9dc04688",
    "de-DE/Microsoft.UI.Xaml.Phone.dll.mui": "8cec96e8646804845d2be7a5d27baf0a",
    "de-DE/Microsoft.ui.xaml.dll.mui": "2e6b8cb5836422bbddd4d32ef15f22b9",
    "dwmcorei.dll": "4c1448718b7d2c603fba75e2f3bc3b7c",
    "el-GR/Microsoft.UI.Xaml.Phone.dll.mui": "c45a0841b380f342f653eab6b2b2747b",
    "el-GR/Microsoft.ui.xaml.dll.mui": "c3d6fd63a3ad2d008de3f816d49e9b30",
    "en-GB/Microsoft.UI.Xaml.Phone.dll.mui": "0cd4800047cebc8892e30e7bec659530",
    "en-GB/Microsoft.ui.xaml.dll.mui": "c9f5ff6f3d02616de8829f4a905fd0e7",
    "en-us/Microsoft.UI.Xaml.Phone.dll.mui": "eebe6909acec53dd7a32c6a510ef218a",
    "en-us/Microsoft.ui.xaml.dll.mui": "1ae3e7592323df75e271da6908df579b",
    "es-ES/Microsoft.UI.Xaml.Phone.dll.mui": "f786d698894e601fa308cf6c0c51946a",
    "es-ES/Microsoft.ui.xaml.dll.mui": "acef79258a55da0975264bc22c09603d",
    "es-MX/Microsoft.UI.Xaml.Phone.dll.mui": "808ee6f874d17bcaa1eef78e7d4991a8",
    "es-MX/Microsoft.ui.xaml.dll.mui": "5ff56170096ca3146880b5b22f5877e3",
    "et-EE/Microsoft.UI.Xaml.Phone.dll.mui": "a588548d6290d7dd8535b89a370bdb58",
    "et-EE/Microsoft.ui.xaml.dll.mui": "d7653e51340edf226ee39025666f050c",
    "eu-ES/Microsoft.UI.Xaml.Phone.dll.mui": "2e9f341bdfd134d05a6d172a3e799386",
    "eu-ES/Microsoft.ui.xaml.dll.mui": "5a20eaed8df24865f0388d0075bf19fc",
    "fa-IR/Microsoft.UI.Xaml.Phone.dll.mui": "fec65030ea0cf7ffd622cefa9a0da843",
    "fa-IR/Microsoft.ui.xaml.dll.mui": "15fd15d86b1498921b1a7c76814dd92d",
    "fi-FI/Microsoft.UI.Xaml.Phone.dll.mui": "a234e2ae283a38470eecc0bf25e4dd46",
    "fi-FI/Microsoft.ui.xaml.dll.mui": "0994e1330edee1eaf3241a60d02746e0",
    "fil-PH/Microsoft.UI.Xaml.Phone.dll.mui": "ca7ec122082b0045fb1b7b1772919f7e",
    "fil-PH/Microsoft.ui.xaml.dll.mui": "0b87ab5fdfedb42b2d4b758eb6c007d6",
    "fr-CA/Microsoft.UI.Xaml.Phone.dll.mui": "1b7d5188845442dd67addec2ab10359b",
    "fr-CA/Microsoft.ui.xaml.dll.mui": "77ac341a775c49166a9491cf3d166c38",
    "fr-FR/Microsoft.UI.Xaml.Phone.dll.mui": "ce97c96155329d53308067aa881527e9",
    "fr-FR/Microsoft.ui.xaml.dll.mui": "6b46c807b6e914e46f7a2f3f9f854b80",
    "ga-IE/Microsoft.UI.Xaml.Phone.dll.mui": "835f3465ebe60a44404899473162899c",
    "ga-IE/Microsoft.ui.xaml.dll.mui": "2b884469ad2a94b53624cc3077bc0207",
    "gd-gb/Microsoft.UI.Xaml.Phone.dll.mui": "08a19f231017051629cd5b90bf8ebdb3",
    "gd-gb/Microsoft.ui.xaml.dll.mui": "8b2602ae45cdecaefb73922fbcdd6f99",
    "gl-ES/Microsoft.UI.Xaml.Phone.dll.mui": "e417afe9be5c544a72c166caf0645a7d",
    "gl-ES/Microsoft.ui.xaml.dll.mui": "b8fd0d02300e34aaee15cc5bb337bdd4",
    "gu-IN/Microsoft.UI.Xaml.Phone.dll.mui": "fec3f6a67e215a587c0e5494ee7e71d4",
    "gu-IN/Microsoft.ui.xaml.dll.mui": "b8ba3c1793f6060f53e084ab3fc9013e",
    "he-IL/Microsoft.UI.Xaml.Phone.dll.mui": "747efac658595cd10d985068359fc0b2",
    "he-IL/Microsoft.ui.xaml.dll.mui": "27f32b65345e15c032c5d98c6469468b",
    "hi-IN/Microsoft.UI.Xaml.Phone.dll.mui": "ef6c8b13e9bfbe8dc0d18fe9555029c6",
    "hi-IN/Microsoft.ui.xaml.dll.mui": "d402ab2675b97841f9ce622d659ced73",
    "hostfxr.dll": "6d1bc323a4779893fca47b1574ca2276",
    "hostpolicy.dll": "8591e336bcd0c21689c147c558fb0ee1",
    "hr-HR/Microsoft.UI.Xaml.Phone.dll.mui": "ae90a8463df8cf3f96655308415b3e0a",
    "hr-HR/Microsoft.ui.xaml.dll.mui": "46ab3dc261bf8123ba25e78eb64f7ae6",
    "hu-HU/Microsoft.UI.Xaml.Phone.dll.mui": "3a9644115a316c184b66e98359c55111",
    "hu-HU/Microsoft.ui.xaml.dll.mui": "9e7e849e26724e8bc44cd2e7130f52ee",
    "hy-AM/Microsoft.UI.Xaml.Phone.dll.mui": "a6e0da9c8eb3ece94c11517ad7625ca5",
    "hy-AM/Microsoft.ui.xaml.dll.mui": "2431f552df9d5172b3cfb802a540926b",
    "id-ID/Microsoft.UI.Xaml.Phone.dll.mui": "5b77af276283b767e0308219697d6dba",
    "id-ID/Microsoft.ui.xaml.dll.mui": "47d5b61a89458ca32967b2c78b0d6ffe",
    "is-IS/Microsoft.UI.Xaml.Phone.dll.mui": "e88ad6d54d4a279a62f9c7d999a1e9dd",
    "is-IS/Microsoft.ui.xaml.dll.mui": "19ae83a25bc18b1b93c29e27c962c137",
    "it-IT/Microsoft.UI.Xaml.Phone.dll.mui": "ae22bc56e73f6c5334bf6ffaa33ae556",
    "it-IT/Microsoft.ui.xaml.dll.mui": "13b8d5a7d5ddf5b15df9eed420835a01",
    "ja-JP/Microsoft.UI.Xaml.Phone.dll.mui": "7bb241f67c2494ddc4cbd447ea5700a2",
    "ja-JP/Microsoft.ui.xaml.dll.mui": "11353782e33fccd6acbe61a5b0044664",
    "ka-GE/Microsoft.UI.Xaml.Phone.dll.mui": "b822845328dde3ab466a089d37783812",
    "ka-GE/Microsoft.ui.xaml.dll.mui": "b089671ba3f2c69a5ba6c7a25822baaa",
    "kk-KZ/Microsoft.UI.Xaml.Phone.dll.mui": "42ba9ab5ed828c323ba7b0cac7afcb72",
    "kk-KZ/Microsoft.ui.xaml.dll.mui": "396c20a17cc6c12b22a4a21e9986febd",
    "km-KH/Microsoft.UI.Xaml.Phone.dll.mui": "76ea609b40687abba7acde62b9cc9774",
    "km-KH/Microsoft.ui.xaml.dll.mui": "35f169a9aa546c8361dd659d8c87cad6",
    "kn-IN/Microsoft.UI.Xaml.Phone.dll.mui": "60af010ce780a402d4b356228d9fc7e8",
    "kn-IN/Microsoft.ui.xaml.dll.mui": "f5711e43b22d27192f1145891720bf26",
    "ko-KR/Microsoft.UI.Xaml.Phone.dll.mui": "a88f7ef3587ac10cf37a45c7e701bc53",
    "ko-KR/Microsoft.ui.xaml.dll.mui": "8e3d12f62b94f075503b98e7145b6891",
    "kok-IN/Microsoft.UI.Xaml.Phone.dll.mui": "3636df4847eab5f70e5b7f38ef422e96",
    "kok-IN/Microsoft.ui.xaml.dll.mui": "843c740b4296e6cf91432b43bacc1ffb",
    "lb-LU/Microsoft.UI.Xaml.Phone.dll.mui": "2db9e8674c89e72d6e18c779fa8e060b",
    "lb-LU/Microsoft.ui.xaml.dll.mui": "b5ad4d3b4ac65c4971cd2e6347380f4b",
    "lo-LA/Microsoft.UI.Xaml.Phone.dll.mui": "5b7dae8a69815b0ab14b5b9fabbd727c",
    "lo-LA/Microsoft.ui.xaml.dll.mui": "bb12db6e950a5239437f3ced46ec24b9",
    "lt-LT/Microsoft.UI.Xaml.Phone.dll.mui": "4bee371a4df7f22465aa3cd242667600",
    "lt-LT/Microsoft.ui.xaml.dll.mui": "e8957681420021a84adba5b699a1c048",
    "lv-LV/Microsoft.UI.Xaml.Phone.dll.mui": "4f254456bf1471fd917656aebbcd378c",
    "lv-LV/Microsoft.ui.xaml.dll.mui": "aad078190f014c1f2503604b7a82e751",
    "marshal.dll": "51ae4fbb1a8e0424292d60de4c2404b8",
    "mi-NZ/Microsoft.UI.Xaml.Phone.dll.mui": "1924629c5a8dddca7a0a3e4eec0c627d",
    "mi-NZ/Microsoft.ui.xaml.dll.mui": "edc7810db2d55c29ecf6d13de85318f1",
    "mk-MK/Microsoft.UI.Xaml.Phone.dll.mui": "dcf4dbc2717dbf73f97485ba271dc9c6",
    "mk-MK/Microsoft.ui.xaml.dll.mui": "876bc815f0a2e26a8ad234254a57a840",
    "ml-IN/Microsoft.UI.Xaml.Phone.dll.mui": "eb9d20b299da52b5b7832ecee670e195",
    "ml-IN/Microsoft.ui.xaml.dll.mui": "739503d5948ac8c3e8c552fd86edbcb6",
    "mr-IN/Microsoft.UI.Xaml.Phone.dll.mui": "a5f12978fe4389673137c4f3dac3fa06",
    "mr-IN/Microsoft.ui.xaml.dll.mui": "1eb8f355ba8d231c0742e36d7442b497",
    "ms-MY/Microsoft.UI.Xaml.Phone.dll.mui": "7c492df4686ed864b2b2778ca7b951ad",
    "ms-MY/Microsoft.ui.xaml.dll.mui": "0c7a874c3ba9c87dfd077360eb99963b",
    "mscordaccore.dll": "69cd91d24f716cb14ffd0208e0e64f68",
    "mscordaccore_amd64_amd64_8.0.2125.47513.dll": "fcda04cff174fd983a0c7fb41261395c",
    "mscordbi.dll": "e15287c0caa6a449838ca77ee5cfc7d5",
    "mscorrc.dll": "080a46898e705f1dbdd7b9dcc3afccee",
    "msquic.dll": "8d015e6103545ef2ba8f66a67d450053",
    "mt-MT/Microsoft.UI.Xaml.Phone.dll.mui": "d023f5b7c4f44aff9e7a836e797d984c",
    "mt-MT/Microsoft.ui.xaml.dll.mui": "ad8ae302cc209f3c020f3e00874aa4f5",
    "nb-NO/Microsoft.UI.Xaml.Phone.dll.mui": "c7d01d25e455745dbf377ac1350b29c9",
    "nb-NO/Microsoft.ui.xaml.dll.mui": "1b8bf63e5afc4f12919479b69bf732bf",
    "ne-NP/Microsoft.UI.Xaml.Phone.dll.mui": "2c95d8a8126945d7e13ff8865004f4b4",
    "ne-NP/Microsoft.ui.xaml.dll.mui": "bd5e8f8b26836839a053731eefe29d61",
    "netstandard.dll": "735bcb6278e162cad3c779d4a6f5322f",
    "nl-NL/Microsoft.UI.Xaml.Phone.dll.mui": "519721bc16b634f21bb9c6da62791957",
    "nl-NL/Microsoft.ui.xaml.dll.mui": "49b01df3105d2c5c472fb4d4340313f2",
    "nn-NO/Microsoft.UI.Xaml.Phone.dll.mui": "fd1be41cc134e81dd7fcb4af62934343",
    "nn-NO/Microsoft.ui.xaml.dll.mui": "892e4945ddb5faa10bc9760f2de8e72e",
    "or-IN/Microsoft.UI.Xaml.Phone.dll.mui": "aff099a7ab362f2bfe9c1adfce1c0495",
    "or-IN/Microsoft.ui.xaml.dll.mui": "9eccdb286e71f2ca3e1a6213b1e5ef64",
    "pa-IN/Microsoft.UI.Xaml.Phone.dll.mui": "5f2962dda97dc11e6cf06a82751d38f4",
    "pa-IN/Microsoft.ui.xaml.dll.mui": "bce77581e672fd9926da97013250523e",
    "pl-PL/Microsoft.UI.Xaml.Phone.dll.mui": "a20e2b1a5bea7d0f143ffaa6f09b7aa2",
    "pl-PL/Microsoft.ui.xaml.dll.mui": "a8c935ecb414430eb2d26b7016327766",
    "pt-BR/Microsoft.UI.Xaml.Phone.dll.mui": "97e6cc685ccfff5ae2abbed520c1fa10",
    "pt-BR/Microsoft.ui.xaml.dll.mui": "2c134ab78b688c18a959a165a7e1e136",
    "pt-PT/Microsoft.UI.Xaml.Phone.dll.mui": "8295036a04ff56c1d12dd29076316829",
    "pt-PT/Microsoft.ui.xaml.dll.mui": "9d14e09e49072b719730f8afa436d4b6",
    "quz-PE/Microsoft.UI.Xaml.Phone.dll.mui": "b194b62d66d8c261523ba379e10f791d",
    "quz-PE/Microsoft.ui.xaml.dll.mui": "4cf18c2e2b3a26f956d94e8904bd086d",
    "resources.pri": "54e68ac1a584155af8032b221751831b",
    "ro-RO/Microsoft.UI.Xaml.Phone.dll.mui": "10b9ad9277cf65b44e5d56a370cdc8b8",
    "ro-RO/Microsoft.ui.xaml.dll.mui": "b7e6d05f5bc1c9fa7cf9ff5bb8a88972",
    "ru-RU/Microsoft.UI.Xaml.Phone.dll.mui": "1e0c0e63a2e3243b8d221956ff607252",
    "ru-RU/Microsoft.ui.xaml.dll.mui": "f8b247f9e89b3abb4095c430c00d70f4",
    "sk-SK/Microsoft.UI.Xaml.Phone.dll.mui": "61ad4b847ccc198a65d8ed39f942a449",
    "sk-SK/Microsoft.ui.xaml.dll.mui": "84af2636e978bc850e9000de153cd18b",
    "sl-SI/Microsoft.UI.Xaml.Phone.dll.mui": "fd10033578bea4ce4c9f45228b78ae8d",
    "sl-SI/Microsoft.ui.xaml.dll.mui": "bfbd5e024613e71da6cef2f9775fc17d",
    "sq-AL/Microsoft.UI.Xaml.Phone.dll.mui": "c3a07455b238b4450401b3cf293ea1ee",
    "sq-AL/Microsoft.ui.xaml.dll.mui": "b08d0b2e9e9e0b2f7c8686e665b752bb",
    "sr-Cyrl-BA/Microsoft.UI.Xaml.Phone.dll.mui": "2bc5477b9887be8eaa5150c88f908ea2",
    "sr-Cyrl-BA/Microsoft.ui.xaml.dll.mui": "aea02e26fca065e9a3bddfbd0732218e",
    "sr-Cyrl-RS/Microsoft.UI.Xaml.Phone.dll.mui": "3c447a488fb6ff850dbb93efb0cd02cb",
    "sr-Cyrl-RS/Microsoft.ui.xaml.dll.mui": "695d42bbc687f85e9c28c8328f743171",
    "sr-Latn-RS/Microsoft.UI.Xaml.Phone.dll.mui": "cd7560d17fb330e7862c6454223beffe",
    "sr-Latn-RS/Microsoft.ui.xaml.dll.mui": "5795b91d33134042e19da2fe8057569c",
    "sv-SE/Microsoft.UI.Xaml.Phone.dll.mui": "27370c1c93b0c79a421e663883982f52",
    "sv-SE/Microsoft.ui.xaml.dll.mui": "25ac8e7cb73affaf5025a48ea0066ac7",
    "ta-IN/Microsoft.UI.Xaml.Phone.dll.mui": "62533fdab62fbe66cb89b34a02f8614f",
    "ta-IN/Microsoft.ui.xaml.dll.mui": "c25b8ccc954ad94fab66c0333478f836",
    "te-IN/Microsoft.UI.Xaml.Phone.dll.mui": "7e8955c7512fc2087041c61b7e631548",
    "te-IN/Microsoft.ui.xaml.dll.mui": "a2ca0b1a18d1fae9a32a68b370dbd45f",
    "th-TH/Microsoft.UI.Xaml.Phone.dll.mui": "9d5a6bfdf3395e59e3944b20cb183caa",
    "th-TH/Microsoft.ui.xaml.dll.mui": "ab87d44afeee9024dfc5738c8fb1cca1",
    "tr-TR/Microsoft.UI.Xaml.Phone.dll.mui": "75ae9b29b70c4ffd8e5dbc4c627257a1",
    "tr-TR/Microsoft.ui.xaml.dll.mui": "871127172cc5c282628c7c085e4977c8",
    "tt-RU/Microsoft.UI.Xaml.Phone.dll.mui": "33d3bc9bcbf8cc2b60a2457cb41af947",
    "tt-RU/Microsoft.ui.xaml.dll.mui": "6aea771259158d0876049f7773dfee7b",
    "ug-CN/Microsoft.UI.Xaml.Phone.dll.mui": "624ddb1a86b87435236c62b6e844662d",
    "ug-CN/Microsoft.ui.xaml.dll.mui": "01f63433b74e773cb541f51b33eeac0b",
    "uk-UA/Microsoft.UI.Xaml.Phone.dll.mui": "f4f90085c68c5f6c276e7029e65279bb",
    "uk-UA/Microsoft.ui.xaml.dll.mui": "60ad2ef08a6d6ed79eff883e0a07ce93",
    "ur-PK/Microsoft.UI.Xaml.Phone.dll.mui": "fd99e49a5df2a9e6ba3d9a3ed334e472",
    "ur-PK/Microsoft.ui.xaml.dll.mui": "cd577c5fc41d4f3339ce705091f49409",
    "uz-Latn-UZ/Microsoft.UI.Xaml.Phone.dll.mui": "c1209ce0af99d9c1a1ebb6b52ea15aba",
    "uz-Latn-UZ/Microsoft.ui.xaml.dll.mui": "bc76d36f5e607282c18fae64e989a2fd",
    "vi-VN/Microsoft.UI.Xaml.Phone.dll.mui": "a0a28a976deff06340b82897e19197c2",
    "vi-VN/Microsoft.ui.xaml.dll.mui": "a4944dbfc74c15dbfae5cc990c477417",
    "winget-cli_x64/AppInstallerBackgroundTasks.dll": "19fd403271062267c40882245228e438",
    "winget-cli_x64/Microsoft.Management.Configuration.dll": "8f47aecc90b815756b375781a611bb72",
    "winget-cli_x64/Microsoft.Web.WebView2.Core.dll": "2f18e5f0397567db27cf8546c6b6bdba",
    "winget-cli_x64/WindowsPackageManager.dll": "033aaff1ac22f66889cced93549b20f9",
    "winget-cli_x64/WindowsPackageManagerServer.exe": "bbbc4e7dce38125d02c87e5d8b579063",
    "winget-cli_x64/concrt140_app.dll": "443ae6a3d863c77844f2431fa49508f5",
    "winget-cli_x64/msvcp140_1_app.dll": "17de759913138d59757ce32cc8f2dcc6",
    "winget-cli_x64/msvcp140_2_app.dll": "0306ad8c5ffd199f20ee8c34645c99c6",
    "winget-cli_x64/msvcp140_app.dll": "207c71e087e301fa4909a977eed74490",
    "winget-cli_x64/resources.pri": "0f50b2cac2d20dc5c2a66f17502ecc4e",
    "winget-cli_x64/vcamp140_app.dll": "4c3d8e99a83f2ddb69646f6e364ac806",
    "winget-cli_x64/vccorlib140_app.dll": "e81db3eb6f85b003ffcfaeffcbc13bed",
    "winget-cli_x64/vcomp140_app.dll": "b245bb48885a995fe2ba0be1e6ff0f69",
    "winget-cli_x64/vcruntime140_1_app.dll": "89c38920cfe7e63ce9a39d5382b3e4e9",
    "winget-cli_x64/vcruntime140_app.dll": "f1c131b83aa3c1cd68f356cdef7bf69e",
    "winget-cli_x64/winget.exe": "7fb245aff3cb5ea1406633cc04729327",
    "workloads.365.json": "0888b519d331a228096dcf9912944329",
    "workloads.json": "e373b7c75ffb9116046aad15584a0369",
    "workloads.lnl.json": "70f7d1d9900f0c681853180f35441638",
    "workloads.qnn.json": "1db7d1df0ec70c7734ecb984dd432104",
    "workloads.stx.json": "5143889c587bacbd7d41e63329b607a3",
    "wuceffectsi.dll": "a1bd51cf2851cd10eaa3d827a5afb6b7",
    "zh-CN/Microsoft.UI.Xaml.Phone.dll.mui": "8428754ca88133f43a209af47122e5ff",
    "zh-CN/Microsoft.ui.xaml.dll.mui": "a3447f7fd81973ceb371c876888f6578",
    "zh-TW/Microsoft.UI.Xaml.Phone.dll.mui": "db2574f7bb91e28b3ecd9af74d85a726",
    "zh-TW/Microsoft.ui.xaml.dll.mui": "5b169dc24d91ddfc671b57d58ea870b2"
}